,user,churn,predicted_churn
0,61353,1.0,1
1,67679,0.0,0
2,21269,0.0,0
3,69531,0.0,1
4,25997,0.0,1
5,28827,0.0,1
6,58305,1.0,0
7,2351,0.0,0
8,11790,0.0,1
9,46727,0.0,0
10,65668,1.0,1
11,4664,0.0,1
12,41211,0.0,0
13,17451,0.0,0
14,17599,0.0,1
15,41826,1.0,1
16,67621,1.0,1
17,26736,0.0,1
18,39733,1.0,0
19,65867,0.0,0
20,50736,1.0,0
21,3897,1.0,0
22,34000,1.0,1
23,51830,1.0,1
24,33385,1.0,0
25,14403,1.0,0
26,42157,0.0,1
27,48917,1.0,0
28,27152,0.0,0
29,64314,0.0,0
30,32867,0.0,0
31,13489,1.0,1
32,10006,0.0,1
33,42800,1.0,1
34,46406,0.0,1
35,16514,0.0,1
36,131,0.0,1
37,7310,1.0,1
38,51090,1.0,0
39,62974,0.0,0
40,616,0.0,0
41,48511,1.0,1
42,6399,0.0,0
43,34395,0.0,0
44,45279,1.0,0
45,34106,1.0,1
46,67233,1.0,0
47,55936,0.0,1
48,42691,0.0,1
49,61966,0.0,0
50,3562,0.0,0
51,13791,0.0,1
52,13475,0.0,1
53,1606,1.0,1
54,12385,0.0,1
55,60197,0.0,1
56,28650,1.0,1
57,46135,1.0,1
58,55299,0.0,0
59,8402,0.0,0
60,64893,1.0,0
61,46268,0.0,1
62,31657,0.0,1
63,45209,0.0,0
64,10879,1.0,1
65,11270,0.0,0
66,32882,0.0,0
67,53082,1.0,1
68,379,0.0,0
69,4815,0.0,0
70,57273,1.0,1
71,67471,1.0,1
72,19518,0.0,1
73,15138,0.0,0
74,33289,0.0,0
75,60329,1.0,1
76,43223,0.0,1
77,68092,1.0,1
78,9553,0.0,0
79,9393,0.0,1
80,7702,1.0,0
81,7650,0.0,0
82,12002,0.0,0
83,31058,0.0,0
84,52063,1.0,0
85,2934,1.0,1
86,24986,0.0,0
87,18187,1.0,0
88,29060,1.0,1
89,40326,0.0,1
90,22861,1.0,0
91,31523,1.0,0
92,14626,1.0,0
93,62649,0.0,0
94,36364,1.0,0
95,27743,1.0,1
96,5859,1.0,1
97,63574,1.0,1
98,11812,0.0,0
99,53060,0.0,0
100,15361,0.0,1
101,6504,1.0,1
102,46569,0.0,0
103,57587,1.0,0
104,66441,0.0,1
105,10101,1.0,1
106,62646,1.0,1
107,49585,0.0,0
108,45117,0.0,1
109,63399,1.0,0
110,28593,0.0,0
111,4663,0.0,0
112,39808,0.0,1
113,57644,0.0,0
114,59890,1.0,1
115,49405,1.0,0
116,22492,1.0,1
117,24854,1.0,1
118,50106,1.0,1
119,22835,0.0,0
120,61222,1.0,0
121,68563,0.0,1
122,10662,0.0,1
123,15284,1.0,1
124,60814,0.0,1
125,58543,0.0,0
126,42370,0.0,1
127,16187,1.0,1
128,40932,1.0,1
129,34572,1.0,1
130,64400,0.0,0
131,8338,1.0,0
132,9543,1.0,1
133,34659,0.0,0
134,54180,0.0,1
135,33147,0.0,1
136,29159,0.0,0
137,37791,0.0,1
138,48925,1.0,1
139,67258,0.0,0
140,31752,0.0,0
141,31379,0.0,1
142,41167,1.0,1
143,53508,1.0,0
144,26199,0.0,1
145,31939,1.0,1
146,16799,0.0,0
147,23113,0.0,1
148,30302,0.0,1
149,58695,1.0,1
150,63099,0.0,0
151,38675,1.0,1
152,69628,1.0,1
153,27610,0.0,1
154,17432,1.0,0
155,61426,0.0,0
156,65497,1.0,1
157,65798,0.0,1
158,69335,1.0,1
159,47487,0.0,1
160,5005,1.0,0
161,63462,1.0,0
162,16919,1.0,0
163,56779,0.0,0
164,2623,1.0,0
165,52967,1.0,1
166,32369,0.0,0
167,39396,1.0,1
168,52555,1.0,1
169,3587,1.0,1
170,6605,0.0,0
171,66614,1.0,1
172,31840,0.0,1
173,14782,0.0,1
174,44015,0.0,1
175,43056,0.0,1
176,9372,1.0,1
177,31379,0.0,1
178,55831,0.0,1
179,21718,1.0,0
180,19406,0.0,0
181,5309,0.0,0
182,38072,0.0,1
183,52790,1.0,1
184,2811,0.0,1
185,22127,0.0,0
186,5128,0.0,0
187,53484,0.0,1
188,65847,0.0,0
189,66934,1.0,1
190,58686,1.0,0
191,36938,1.0,0
192,12459,0.0,1
193,63854,0.0,0
194,26949,0.0,1
195,46884,0.0,0
196,43856,1.0,1
197,43028,1.0,1
198,5456,1.0,1
199,21325,0.0,1
200,6744,0.0,1
201,13750,0.0,0
202,14222,1.0,1
203,67953,0.0,1
204,1867,1.0,1
205,49905,0.0,1
206,66749,0.0,1
207,23605,0.0,1
208,64125,1.0,1
209,33610,1.0,0
210,20330,0.0,0
211,47937,0.0,0
212,45271,0.0,1
213,4988,0.0,1
214,32108,1.0,1
215,48241,0.0,1
216,60209,0.0,0
217,68931,1.0,0
218,41323,0.0,1
219,19045,1.0,1
220,20055,1.0,1
221,60646,0.0,0
222,44655,0.0,0
223,35296,0.0,1
224,27277,0.0,1
225,9412,0.0,0
226,54353,0.0,1
227,44657,0.0,0
228,29680,1.0,1
229,8353,0.0,0
230,42930,1.0,0
231,24324,0.0,0
232,9051,0.0,0
233,52196,1.0,1
234,31840,0.0,1
235,33839,1.0,0
236,41922,1.0,1
237,14817,0.0,1
238,16379,0.0,1
239,16934,1.0,1
240,25379,1.0,1
241,33186,1.0,0
242,924,0.0,0
243,18996,0.0,0
244,18835,0.0,1
245,13259,0.0,1
246,44217,1.0,0
247,13198,0.0,0
248,65288,1.0,1
249,47813,0.0,1
250,4337,0.0,1
251,4081,1.0,1
252,36159,1.0,1
253,16965,1.0,1
254,40861,1.0,1
255,2897,0.0,1
256,30683,0.0,0
257,30825,1.0,0
258,3836,0.0,1
259,52517,0.0,0
260,13664,1.0,0
261,19238,1.0,0
262,5463,0.0,1
263,59483,0.0,1
264,38905,0.0,0
265,34497,0.0,1
266,12465,0.0,1
267,22104,0.0,1
268,42042,0.0,1
269,38681,1.0,1
270,25066,1.0,1
271,59665,0.0,1
272,53125,1.0,0
273,19144,0.0,1
274,37442,1.0,1
275,49422,0.0,1
276,54966,0.0,1
277,24158,0.0,0
278,60086,0.0,0
279,32306,1.0,0
280,41778,1.0,1
281,64463,1.0,1
282,55883,0.0,1
283,58499,0.0,0
284,6550,0.0,0
285,14931,0.0,1
286,42441,1.0,1
287,54795,0.0,0
288,66669,0.0,0
289,29717,0.0,0
290,38240,1.0,1
291,63528,0.0,0
292,5086,1.0,0
293,52138,1.0,0
294,47666,0.0,1
295,46279,0.0,0
296,41614,1.0,1
297,50378,1.0,0
298,7957,0.0,0
299,38656,1.0,1
300,3969,0.0,1
301,63917,0.0,1
302,67430,1.0,0
303,54819,0.0,1
304,7228,1.0,0
305,20195,0.0,1
306,23099,1.0,1
307,67047,1.0,0
308,69549,1.0,1
309,20148,0.0,0
310,27787,0.0,1
311,55003,1.0,0
312,65784,0.0,1
313,56246,0.0,1
314,4341,1.0,1
315,42655,1.0,1
316,1598,1.0,1
317,15733,1.0,0
318,48236,0.0,1
319,4287,0.0,0
320,65200,0.0,1
321,50887,1.0,0
322,18661,0.0,1
323,9043,1.0,1
324,68755,1.0,1
325,9395,1.0,0
326,29980,0.0,1
327,45123,0.0,1
328,31746,0.0,1
329,54388,0.0,1
330,3585,0.0,0
331,66174,1.0,0
332,6496,1.0,0
333,49769,0.0,1
334,65556,1.0,0
335,58756,0.0,1
336,23775,0.0,0
337,62938,0.0,1
338,63916,1.0,1
339,32505,0.0,1
340,9948,0.0,1
341,15557,0.0,1
342,56691,1.0,0
343,19200,0.0,0
344,12495,1.0,1
345,67733,1.0,0
346,65476,1.0,1
347,32852,0.0,1
348,35804,1.0,1
349,30678,1.0,1
350,53363,0.0,0
351,57728,1.0,0
352,16077,0.0,0
353,10744,0.0,1
354,38068,0.0,0
355,30101,0.0,1
356,57193,1.0,1
357,39499,1.0,1
358,65420,0.0,1
359,38158,1.0,1
360,23465,1.0,1
361,10339,0.0,0
362,21162,1.0,0
363,56388,1.0,1
364,42906,0.0,0
365,44729,1.0,1
366,64948,1.0,1
367,19514,1.0,1
368,21110,1.0,0
369,68191,0.0,0
370,33264,0.0,0
371,3559,0.0,0
372,14320,0.0,1
373,42146,0.0,1
374,61752,0.0,0
375,50141,0.0,1
376,47940,1.0,1
377,63669,0.0,1
378,63954,0.0,1
379,23252,1.0,1
380,56425,0.0,1
381,27674,0.0,0
382,53013,0.0,0
383,4825,1.0,0
384,63576,0.0,1
385,28060,0.0,1
386,21887,0.0,1
387,10631,0.0,1
388,6447,0.0,0
389,57122,1.0,0
390,19641,0.0,0
391,50134,0.0,1
392,46399,0.0,0
393,29039,0.0,1
394,674,1.0,1
395,16429,1.0,0
396,7445,0.0,1
397,37048,1.0,0
398,54117,0.0,1
399,10127,1.0,0
400,10269,0.0,1
401,37865,1.0,1
402,4493,0.0,1
403,19423,0.0,1
404,47039,1.0,1
405,66012,0.0,1
406,522,1.0,1
407,31011,0.0,0
408,15573,0.0,1
409,43927,0.0,0
410,12503,1.0,0
411,23625,0.0,0
412,24146,0.0,1
413,41262,0.0,1
414,43506,0.0,0
415,60119,1.0,1
416,38688,1.0,0
417,53973,0.0,0
418,12223,0.0,0
419,36554,0.0,1
420,59368,1.0,1
421,55424,1.0,1
422,3531,0.0,1
423,45192,1.0,1
424,3157,1.0,1
425,25880,1.0,1
426,48637,0.0,1
427,49738,1.0,0
428,56847,0.0,1
429,29693,1.0,0
430,66159,1.0,1
431,51485,0.0,0
432,66186,1.0,1
433,57306,0.0,0
434,35361,0.0,1
435,64097,1.0,1
436,38105,1.0,0
437,9982,1.0,1
438,29383,0.0,0
439,18380,0.0,1
440,67312,1.0,1
441,46084,0.0,0
442,24039,1.0,1
443,51414,1.0,0
444,27532,1.0,1
445,51133,0.0,1
446,48107,0.0,0
447,8210,0.0,1
448,43573,1.0,0
449,52849,1.0,0
450,10941,1.0,0
451,28970,0.0,1
452,45590,0.0,0
453,8387,1.0,1
454,31996,0.0,0
455,14581,1.0,0
456,55600,1.0,1
457,22292,0.0,1
458,27146,0.0,1
459,13360,0.0,1
460,55543,1.0,1
461,41705,1.0,1
462,32710,0.0,0
463,46439,0.0,0
464,7183,1.0,1
465,913,0.0,0
466,34286,0.0,0
467,55935,0.0,1
468,20274,0.0,1
469,17877,0.0,1
470,67502,0.0,0
471,48064,0.0,0
472,12947,1.0,0
473,17210,0.0,0
474,61776,0.0,1
475,12254,0.0,0
476,25198,0.0,0
477,61389,1.0,1
478,54249,0.0,0
479,68006,0.0,1
480,39285,1.0,0
481,11510,0.0,0
482,64688,0.0,1
483,8515,0.0,1
484,2037,0.0,0
485,30029,1.0,1
486,20489,1.0,0
487,18665,0.0,1
488,68833,0.0,0
489,65370,0.0,0
490,42076,1.0,1
491,31914,0.0,1
492,64706,1.0,1
493,46491,0.0,0
494,26175,1.0,0
495,64685,0.0,1
496,962,0.0,1
497,65284,1.0,1
498,64776,0.0,1
499,42722,0.0,1
500,48140,0.0,0
501,21833,1.0,1
502,67418,0.0,1
503,14128,1.0,0
504,1132,1.0,0
505,66499,0.0,1
506,20472,1.0,1
507,11559,0.0,1
508,22764,0.0,1
509,43046,1.0,0
510,46674,0.0,0
511,4782,0.0,1
512,48353,0.0,1
513,43549,0.0,1
514,57700,1.0,0
515,36308,1.0,0
516,31633,0.0,1
517,38291,0.0,0
518,12157,0.0,1
519,59733,1.0,0
520,30989,0.0,0
521,46663,0.0,0
522,35571,1.0,1
523,43694,1.0,1
524,14741,0.0,0
525,18968,0.0,0
526,18879,0.0,1
527,11625,0.0,0
528,35488,1.0,1
529,49629,0.0,0
530,4335,0.0,0
531,24252,1.0,0
532,48559,0.0,1
533,20010,0.0,1
534,47866,0.0,0
535,31865,0.0,1
536,57473,0.0,1
537,25013,0.0,0
538,56003,0.0,1
539,29615,1.0,0
540,3158,1.0,0
541,35386,1.0,1
542,66121,0.0,0
543,51519,1.0,0
544,13041,0.0,0
545,7678,0.0,1
546,24343,1.0,0
547,46063,0.0,1
548,58207,1.0,0
549,2852,1.0,1
550,45347,1.0,1
551,11573,0.0,0
552,13790,0.0,1
553,62051,1.0,0
554,49491,0.0,0
555,54928,0.0,1
556,13610,0.0,1
557,60514,0.0,1
558,45466,1.0,0
559,60963,0.0,0
560,25223,0.0,1
561,54560,0.0,0
562,8516,0.0,0
563,67848,0.0,1
564,69082,0.0,0
565,69385,0.0,0
566,34063,1.0,0
567,42287,0.0,1
568,68929,0.0,1
569,36054,0.0,0
570,50775,1.0,1
571,17413,0.0,0
572,21831,0.0,0
573,3980,1.0,0
574,56134,1.0,0
575,54678,1.0,1
576,2303,0.0,0
577,14160,0.0,1
578,36045,1.0,0
579,1114,0.0,1
580,63020,0.0,1
581,47482,0.0,0
582,38337,0.0,1
583,53220,1.0,1
584,5221,0.0,1
585,29726,0.0,1
586,33877,1.0,0
587,65203,1.0,1
588,6056,0.0,1
589,46937,1.0,1
590,55691,1.0,1
591,20592,0.0,1
592,59627,1.0,0
593,36109,0.0,1
594,56006,0.0,1
595,50820,1.0,0
596,4911,0.0,0
597,33431,0.0,1
598,34909,1.0,0
599,3291,0.0,1
600,21561,1.0,0
601,29101,1.0,0
602,1094,0.0,1
603,22288,1.0,1
604,36937,0.0,1
605,44965,0.0,1
606,36249,0.0,1
607,63505,0.0,1
608,2756,1.0,1
609,50898,0.0,0
610,49027,0.0,1
611,15161,1.0,0
612,16243,0.0,0
613,66420,1.0,0
614,66778,0.0,1
615,43781,0.0,1
616,61317,0.0,1
617,27370,0.0,0
618,11234,1.0,0
619,18559,0.0,1
620,63861,0.0,0
621,60931,1.0,1
622,10133,1.0,0
623,27250,0.0,0
624,46715,0.0,1
625,55832,1.0,1
626,13283,0.0,0
627,69491,1.0,1
628,16531,0.0,0
629,6893,1.0,0
630,15612,0.0,1
631,49917,1.0,0
632,19069,0.0,1
633,7150,0.0,1
634,51020,0.0,1
635,41470,0.0,1
636,57594,0.0,1
637,11246,0.0,1
638,35923,0.0,0
639,65136,1.0,1
640,52,0.0,1
641,68127,0.0,0
642,2195,0.0,1
643,32524,0.0,0
644,51955,1.0,1
645,48817,0.0,1
646,10519,1.0,0
647,1329,0.0,0
648,67567,0.0,1
649,16393,0.0,0
650,30878,0.0,0
651,10904,1.0,1
652,18521,0.0,0
653,4414,1.0,1
654,8741,0.0,1
655,9577,1.0,0
656,57711,0.0,0
657,28136,0.0,0
658,67670,0.0,1
659,52204,1.0,1
660,24370,1.0,0
661,8411,0.0,1
662,37486,1.0,0
663,43818,0.0,0
664,13977,0.0,0
665,17279,0.0,1
666,13535,1.0,1
667,25721,0.0,1
668,15061,0.0,0
669,53737,0.0,1
670,18662,1.0,1
671,48509,1.0,1
672,61674,0.0,1
673,28824,0.0,1
674,28680,0.0,1
675,38791,1.0,0
676,4680,1.0,0
677,59268,0.0,1
678,31096,0.0,1
679,749,0.0,1
680,16958,0.0,1
681,54516,0.0,0
682,57060,1.0,1
683,40771,0.0,1
684,64477,0.0,1
685,26907,1.0,1
686,57464,1.0,1
687,48311,0.0,0
688,60078,1.0,1
689,32781,0.0,0
690,47303,0.0,1
691,64063,1.0,0
692,4156,0.0,1
693,6848,0.0,0
694,9403,1.0,0
695,1229,0.0,1
696,49215,1.0,1
697,65498,1.0,1
698,25512,0.0,1
699,44649,1.0,1
700,58525,1.0,0
701,57905,0.0,1
702,29364,0.0,1
703,39055,0.0,0
704,51261,1.0,0
705,4072,0.0,0
706,53997,1.0,1
707,56133,1.0,0
708,67701,0.0,1
709,44037,1.0,1
710,50550,0.0,0
711,41741,0.0,1
712,42967,1.0,0
713,24782,1.0,0
714,59391,1.0,0
715,14716,0.0,1
716,35267,1.0,0
717,8650,0.0,0
718,3629,0.0,1
719,43516,1.0,0
720,27288,0.0,1
721,44141,0.0,1
722,54744,1.0,1
723,36441,0.0,1
724,25185,0.0,1
725,35002,1.0,0
726,19769,1.0,1
727,17702,1.0,1
728,24021,0.0,1
729,63700,1.0,0
730,50068,0.0,1
731,42079,0.0,1
732,762,0.0,0
733,31010,1.0,1
734,36862,0.0,1
735,58782,1.0,1
736,2284,0.0,1
737,18840,1.0,1
738,43550,1.0,1
739,43878,0.0,0
740,40972,1.0,0
741,51333,1.0,0
742,65299,0.0,1
743,19609,0.0,0
744,60974,1.0,0
745,56966,1.0,0
746,32464,0.0,0
747,39580,0.0,1
748,23732,0.0,0
749,18681,0.0,1
750,65415,1.0,1
751,65085,1.0,0
752,25374,0.0,1
753,55847,1.0,0
754,40355,0.0,1
755,21828,0.0,1
756,18925,0.0,1
757,38154,0.0,1
758,52414,0.0,0
759,23472,1.0,1
760,31935,1.0,1
761,5535,0.0,1
762,64544,1.0,0
763,42975,1.0,0
764,1508,1.0,1
765,44331,0.0,0
766,10639,0.0,0
767,31967,0.0,0
768,56663,0.0,0
769,28061,1.0,1
770,56278,1.0,1
771,54046,0.0,1
772,48498,0.0,0
773,2625,0.0,0
774,25192,0.0,1
775,547,1.0,0
776,39661,1.0,1
777,9536,0.0,0
778,44485,1.0,1
779,6775,1.0,1
780,16880,0.0,0
781,58488,0.0,0
782,40657,0.0,1
783,7762,0.0,0
784,69360,1.0,1
785,24908,0.0,1
786,64670,1.0,0
787,50408,0.0,1
788,27043,1.0,0
789,1096,0.0,1
790,44627,0.0,1
791,39181,1.0,1
792,20806,1.0,1
793,14636,1.0,1
794,15174,1.0,1
795,21080,0.0,0
796,37169,1.0,0
797,40306,1.0,0
798,3286,0.0,1
799,17737,1.0,1
800,18663,1.0,0
801,51957,0.0,1
802,15943,0.0,1
803,34701,1.0,1
804,7257,0.0,1
805,33193,0.0,1
806,21501,1.0,1
807,51688,1.0,0
808,35613,0.0,1
809,25202,1.0,1
810,42586,1.0,0
811,52547,0.0,0
812,68635,0.0,1
813,24376,1.0,0
814,50942,1.0,1
815,52460,1.0,1
816,66454,1.0,1
817,18,1.0,0
818,7073,1.0,1
819,46594,0.0,0
820,28961,1.0,1
821,58583,1.0,0
822,27911,1.0,0
823,62783,0.0,1
824,30095,0.0,1
825,61600,1.0,0
826,58269,0.0,1
827,18371,1.0,1
828,9648,0.0,1
829,42214,0.0,0
830,26095,0.0,0
831,47660,1.0,1
832,624,0.0,0
833,53426,0.0,0
834,12981,1.0,1
835,35217,1.0,1
836,20971,0.0,1
837,26773,1.0,0
838,34876,0.0,0
839,28397,0.0,1
840,47343,0.0,1
841,46991,1.0,0
842,32328,0.0,0
843,42296,1.0,1
844,49912,0.0,0
845,63082,0.0,1
846,51,0.0,1
847,6692,1.0,1
848,48813,0.0,1
849,57642,0.0,0
850,8098,0.0,0
851,62900,1.0,0
852,60953,1.0,0
853,25292,0.0,1
854,58004,1.0,1
855,20305,0.0,1
856,13436,1.0,1
857,64585,0.0,1
858,28868,1.0,1
859,39341,0.0,0
860,53235,0.0,1
861,3434,1.0,1
862,40181,0.0,1
863,9918,0.0,1
864,38852,0.0,1
865,55697,1.0,0
866,54005,1.0,1
867,1234,0.0,0
868,43587,0.0,1
869,9096,0.0,0
870,20390,0.0,0
871,63494,0.0,1
872,63396,0.0,1
873,18619,0.0,1
874,44884,1.0,1
875,6569,0.0,0
876,62611,1.0,1
877,48460,0.0,1
878,27589,1.0,1
879,63597,0.0,1
880,53809,0.0,1
881,29469,1.0,0
882,57844,0.0,0
883,57493,0.0,1
884,32754,0.0,0
885,23645,1.0,1
886,9252,0.0,0
887,14282,0.0,1
888,11297,1.0,1
889,56238,1.0,1
890,27861,0.0,1
891,30253,1.0,0
892,56207,0.0,1
893,29613,1.0,0
894,61497,1.0,1
895,49882,0.0,1
896,23218,1.0,0
897,67527,1.0,1
898,40725,0.0,0
899,5979,0.0,1
900,38971,1.0,0
901,58297,0.0,1
902,55640,0.0,1
903,46830,1.0,0
904,1634,0.0,1
905,58433,0.0,0
906,56,0.0,1
907,56124,1.0,1
908,62116,0.0,1
909,3686,1.0,0
910,42172,0.0,0
911,46964,0.0,0
912,17392,0.0,1
913,18413,0.0,0
914,64807,1.0,1
915,43189,0.0,0
916,6529,0.0,1
917,19955,1.0,1
918,54510,0.0,0
919,44713,1.0,0
920,37051,1.0,0
921,1210,0.0,0
922,68882,1.0,1
923,16310,0.0,1
924,17691,1.0,1
925,19492,1.0,0
926,57944,1.0,1
927,46117,0.0,0
928,52303,0.0,0
929,41152,0.0,1
930,58866,1.0,1
931,44787,1.0,1
932,60827,1.0,1
933,6756,1.0,0
934,25943,1.0,0
935,17358,1.0,0
936,52392,1.0,0
937,44885,1.0,0
938,14562,1.0,1
939,1540,0.0,1
940,49729,1.0,1
941,49380,1.0,1
942,34093,1.0,1
943,12257,0.0,1
944,25073,0.0,1
945,43665,1.0,1
946,42454,1.0,1
947,20969,0.0,0
948,57638,0.0,1
949,30803,0.0,0
950,61798,1.0,0
951,62111,1.0,1
952,39456,0.0,1
953,57256,1.0,1
954,44939,1.0,1
955,21523,0.0,0
956,67875,1.0,1
957,19473,1.0,0
958,47460,1.0,0
959,47584,1.0,1
960,30551,0.0,1
961,14310,1.0,1
962,57328,0.0,1
963,61531,1.0,1
964,52363,0.0,1
965,37516,1.0,1
966,60493,0.0,0
967,49028,0.0,1
968,57158,0.0,1
969,2292,0.0,1
970,1800,0.0,1
971,47228,1.0,1
972,7333,0.0,1
973,66268,0.0,0
974,66295,0.0,1
975,17544,0.0,1
976,5122,1.0,1
977,39820,0.0,0
978,3660,1.0,1
979,16710,0.0,1
980,61857,1.0,1
981,65670,0.0,1
982,24521,0.0,0
983,31087,0.0,1
984,26207,0.0,1
985,57607,1.0,1
986,45981,0.0,0
987,25085,0.0,1
988,60925,0.0,1
989,7643,0.0,1
990,47383,1.0,1
991,43147,0.0,0
992,11941,0.0,1
993,4330,0.0,0
994,69148,0.0,0
995,12697,0.0,0
996,11700,0.0,0
997,29061,1.0,0
998,65398,1.0,1
999,50923,0.0,0
1000,33113,1.0,1
1001,40310,0.0,1
1002,23906,1.0,0
1003,55998,1.0,1
1004,45017,0.0,1
1005,28332,0.0,0
1006,5111,1.0,0
1007,35423,0.0,1
1008,15612,0.0,0
1009,34012,0.0,0
1010,46679,1.0,1
1011,21969,1.0,1
1012,14365,1.0,0
1013,65450,1.0,1
1014,37323,0.0,0
1015,67016,0.0,1
1016,10707,0.0,0
1017,22732,0.0,1
1018,17853,1.0,1
1019,31948,0.0,1
1020,38235,1.0,0
1021,33549,1.0,0
1022,9596,0.0,1
1023,21409,0.0,1
1024,12952,1.0,0
1025,1817,1.0,0
1026,27353,0.0,0
1027,17890,1.0,1
1028,61281,0.0,0
1029,48500,0.0,0
1030,35853,0.0,0
1031,39621,1.0,0
1032,14183,0.0,1
1033,1518,0.0,1
1034,69429,0.0,1
1035,54341,1.0,0
1036,65070,0.0,1
1037,31661,0.0,0
1038,35019,0.0,0
1039,1877,0.0,1
1040,51131,0.0,1
1041,8190,0.0,0
1042,1462,0.0,1
1043,7623,0.0,1
1044,36201,1.0,0
1045,61081,1.0,0
1046,3143,0.0,0
1047,6536,1.0,1
1048,42172,0.0,0
1049,34186,0.0,1
1050,17586,1.0,0
1051,38542,0.0,1
1052,65252,1.0,0
1053,10093,1.0,0
1054,11987,0.0,1
1055,18191,0.0,1
1056,39949,1.0,1
1057,44225,0.0,0
1058,56162,0.0,1
1059,59864,0.0,1
1060,52971,0.0,0
1061,4542,0.0,1
1062,54070,0.0,0
1063,1839,0.0,1
1064,45221,0.0,1
1065,28376,0.0,0
1066,37239,0.0,0
1067,48918,0.0,1
1068,55908,1.0,1
1069,15416,1.0,1
1070,50549,1.0,1
1071,9732,0.0,0
1072,5203,0.0,1
1073,36372,0.0,0
1074,61715,1.0,0
1075,3445,1.0,1
1076,2667,0.0,1
1077,810,0.0,1
1078,62412,0.0,1
1079,22364,1.0,0
1080,56378,0.0,0
1081,32180,1.0,1
1082,22200,0.0,1
1083,68936,1.0,1
1084,8214,0.0,1
1085,33802,1.0,1
1086,3008,0.0,1
1087,24508,0.0,1
1088,39899,0.0,1
1089,62901,0.0,1
1090,58408,1.0,1
1091,29876,0.0,0
1092,23949,1.0,0
1093,52260,0.0,1
1094,2936,0.0,0
1095,65202,1.0,1
1096,67310,0.0,1
1097,58929,0.0,1
1098,47626,1.0,1
1099,55525,0.0,0
1100,35303,0.0,0
1101,25228,0.0,1
1102,21223,0.0,1
1103,1102,0.0,0
1104,60007,1.0,0
1105,31474,0.0,1
1106,25890,0.0,1
1107,42015,1.0,1
1108,33678,0.0,1
1109,45979,1.0,1
1110,30881,1.0,1
1111,65253,0.0,1
1112,42629,0.0,1
1113,62798,0.0,1
1114,67097,0.0,1
1115,65405,0.0,1
1116,39491,0.0,0
1117,54382,1.0,1
1118,25451,1.0,0
1119,1243,0.0,0
1120,24958,1.0,1
1121,8561,1.0,1
1122,57006,1.0,1
1123,61156,1.0,0
1124,38760,0.0,0
1125,38838,1.0,0
1126,61559,0.0,1
1127,52719,0.0,0
1128,28596,1.0,0
1129,37148,0.0,0
1130,53962,1.0,1
1131,66908,0.0,1
1132,1657,1.0,1
1133,15125,0.0,1
1134,50597,0.0,0
1135,28443,1.0,1
1136,61208,0.0,0
1137,41322,1.0,1
1138,21853,0.0,0
1139,46934,1.0,0
1140,37396,1.0,1
1141,9640,1.0,1
1142,63622,0.0,0
1143,53131,0.0,1
1144,6951,0.0,1
1145,49689,0.0,1
1146,63380,1.0,1
1147,27648,0.0,1
1148,42069,1.0,1
1149,64797,1.0,1
1150,50652,0.0,0
1151,7976,0.0,1
1152,11176,1.0,1
1153,37058,0.0,1
1154,34790,0.0,0
1155,52302,0.0,1
1156,26595,0.0,0
1157,54902,0.0,1
1158,56812,0.0,1
1159,61399,1.0,1
1160,12455,0.0,1
1161,11847,0.0,0
1162,52960,1.0,1
1163,30528,0.0,0
1164,33675,1.0,1
1165,34410,1.0,0
1166,25617,0.0,1
1167,42092,0.0,0
1168,61852,0.0,0
1169,5363,1.0,0
1170,28373,0.0,0
1171,32697,1.0,0
1172,24753,1.0,1
1173,48314,0.0,0
1174,3132,1.0,0
1175,19735,1.0,0
1176,30680,0.0,1
1177,56563,1.0,1
1178,1762,1.0,1
1179,20892,1.0,1
1180,12326,0.0,1
1181,22559,0.0,1
1182,6379,1.0,1
1183,31302,1.0,1
1184,24563,1.0,0
1185,39446,0.0,0
1186,64174,1.0,0
1187,40945,1.0,0
1188,60800,1.0,1
1189,39606,0.0,1
1190,45029,0.0,0
1191,32335,1.0,1
1192,38894,0.0,0
1193,30704,0.0,1
1194,27925,1.0,0
1195,18158,1.0,0
1196,54852,0.0,1
1197,20274,0.0,0
1198,38940,1.0,0
1199,22036,1.0,0
1200,34235,1.0,0
1201,26427,1.0,0
1202,14597,0.0,1
1203,3533,0.0,0
1204,27387,0.0,1
1205,3253,1.0,1
1206,40720,1.0,1
1207,61713,0.0,1
1208,63581,1.0,0
1209,43127,0.0,1
1210,13476,1.0,1
1211,13242,1.0,0
1212,60511,1.0,1
1213,1372,1.0,1
1214,40350,0.0,1
1215,60784,1.0,1
1216,65657,0.0,1
1217,51336,0.0,0
1218,30817,1.0,1
1219,25529,0.0,0
1220,44918,0.0,1
1221,51177,0.0,0
1222,36600,0.0,0
1223,8438,0.0,1
1224,21812,0.0,0
1225,30987,0.0,1
1226,47057,0.0,1
1227,39823,0.0,0
1228,13205,0.0,1
1229,8742,1.0,0
1230,50515,1.0,1
1231,21236,0.0,1
1232,44391,0.0,0
1233,2229,1.0,0
1234,22365,0.0,1
1235,59937,0.0,0
1236,18451,0.0,0
1237,55411,0.0,0
1238,52743,0.0,0
1239,45294,0.0,1
1240,68361,0.0,1
1241,6886,1.0,1
1242,17285,1.0,1
1243,9361,0.0,1
1244,16464,0.0,0
1245,17324,1.0,1
1246,2758,0.0,0
1247,47347,0.0,1
1248,12343,0.0,1
1249,3617,0.0,0
1250,49247,0.0,1
1251,44018,0.0,1
1252,16961,1.0,1
1253,44844,0.0,0
1254,66991,0.0,1
1255,30802,0.0,1
1256,32451,0.0,0
1257,28652,0.0,1
1258,45327,1.0,0
1259,2736,0.0,1
1260,18671,1.0,1
1261,47353,1.0,1
1262,42938,0.0,1
1263,11729,0.0,1
1264,3181,1.0,1
1265,60472,0.0,0
1266,27131,0.0,0
1267,2736,0.0,1
1268,59035,0.0,0
1269,1332,0.0,1
1270,60494,0.0,0
1271,52112,0.0,0
1272,44996,1.0,0
1273,60253,0.0,1
1274,46825,1.0,0
1275,11752,1.0,1
1276,30987,0.0,0
1277,38867,1.0,1
1278,37733,0.0,0
1279,10378,0.0,0
1280,2197,1.0,0
1281,13792,0.0,0
1282,48724,1.0,0
1283,66805,1.0,0
1284,39672,1.0,0
1285,52784,1.0,0
1286,6985,1.0,1
1287,67360,0.0,1
1288,58092,1.0,1
1289,52338,1.0,0
1290,56985,0.0,1
1291,47363,0.0,0
1292,44425,0.0,1
1293,62818,1.0,1
1294,25464,1.0,1
1295,6945,1.0,1
1296,26919,1.0,1
1297,8344,0.0,0
1298,45240,1.0,0
1299,22061,0.0,1
1300,8191,1.0,1
1301,41543,0.0,1
1302,30276,0.0,1
1303,57157,0.0,1
1304,35130,1.0,0
1305,2681,0.0,0
1306,58133,1.0,1
1307,10402,0.0,1
1308,19703,1.0,1
1309,69531,0.0,0
1310,54379,0.0,1
1311,66864,1.0,0
1312,7262,1.0,1
1313,21460,0.0,1
1314,47541,0.0,1
1315,54604,0.0,1
1316,50746,0.0,1
1317,43308,0.0,0
1318,49110,0.0,0
1319,15420,0.0,1
1320,23500,0.0,1
1321,60335,0.0,0
1322,28401,0.0,0
1323,36919,1.0,1
1324,18219,1.0,1
1325,66870,1.0,1
1326,56355,1.0,0
1327,7271,0.0,0
1328,35022,1.0,1
1329,37810,0.0,1
1330,27652,0.0,0
1331,65885,0.0,1
1332,32380,1.0,0
1333,4016,1.0,1
1334,29346,1.0,1
1335,56704,1.0,1
1336,14588,1.0,0
1337,52900,1.0,1
1338,22683,1.0,1
1339,4382,1.0,1
1340,36393,1.0,1
1341,27576,0.0,0
1342,53270,0.0,1
1343,25214,0.0,1
1344,56051,1.0,0
1345,65573,0.0,1
1346,32172,0.0,1
1347,9363,0.0,1
1348,14288,0.0,1
1349,53578,0.0,1
1350,49433,1.0,0
1351,27681,1.0,1
1352,60484,1.0,1
1353,65152,1.0,0
1354,41530,1.0,1
1355,53906,1.0,0
1356,26487,1.0,0
1357,10160,0.0,1
1358,65723,0.0,0
1359,1866,1.0,1
1360,14662,1.0,1
1361,16006,0.0,0
1362,45696,0.0,1
1363,49355,0.0,1
1364,52869,0.0,0
1365,61317,0.0,0
1366,47669,1.0,1
1367,63486,1.0,0
1368,68872,0.0,0
1369,54852,0.0,1
1370,270,1.0,1
1371,35887,0.0,0
1372,56382,1.0,0
1373,7717,1.0,1
1374,50323,0.0,1
1375,58709,1.0,0
1376,1071,0.0,1
1377,63562,0.0,1
1378,26129,1.0,1
1379,42589,1.0,1
1380,55528,0.0,1
1381,22784,0.0,1
1382,9139,1.0,1
1383,17360,0.0,1
1384,57992,0.0,1
1385,49483,0.0,1
1386,67383,0.0,0
1387,48666,1.0,0
1388,62525,1.0,1
1389,66354,0.0,0
1390,44441,0.0,0
1391,68541,1.0,1
1392,4439,0.0,1
1393,38351,0.0,0
1394,26929,0.0,0
1395,16398,1.0,1
1396,47060,1.0,0
1397,67245,1.0,0
1398,57781,0.0,1
1399,53287,0.0,1
1400,56599,1.0,1
1401,10149,0.0,1
1402,37625,0.0,1
1403,38837,0.0,1
1404,16747,1.0,1
1405,30520,0.0,1
1406,52950,1.0,0
1407,21297,0.0,0
1408,26260,0.0,1
1409,40919,1.0,0
1410,7760,0.0,1
1411,53714,0.0,1
1412,15218,0.0,1
1413,49201,0.0,1
1414,25735,0.0,1
1415,22617,1.0,1
1416,20043,1.0,1
1417,33788,0.0,1
1418,56643,1.0,0
1419,60222,0.0,0
1420,41919,0.0,1
1421,12958,1.0,0
1422,13887,0.0,0
1423,38076,1.0,1
1424,54503,1.0,1
1425,58074,0.0,1
1426,57112,0.0,1
1427,30139,0.0,1
1428,23004,0.0,1
1429,44343,1.0,1
1430,39517,0.0,1
1431,62620,0.0,1
1432,10587,1.0,0
1433,61990,0.0,1
1434,47183,0.0,0
1435,65030,0.0,0
1436,32664,0.0,0
1437,40809,0.0,0
1438,3735,0.0,1
1439,21076,0.0,0
1440,49818,1.0,1
1441,9426,0.0,1
1442,46255,0.0,1
1443,46241,0.0,1
1444,18404,0.0,1
1445,2233,0.0,1
1446,50875,0.0,1
1447,60529,0.0,1
1448,66016,1.0,0
1449,23005,1.0,0
1450,59009,0.0,0
1451,21810,1.0,0
1452,63844,1.0,1
1453,39087,1.0,1
1454,27308,1.0,0
1455,62318,1.0,0
1456,44781,0.0,1
1457,54680,0.0,0
1458,56680,0.0,1
1459,18903,1.0,0
1460,22313,0.0,1
1461,46361,0.0,0
1462,54665,1.0,1
1463,52002,0.0,1
1464,17097,1.0,1
1465,17652,1.0,1
1466,22867,0.0,1
1467,7126,0.0,0
1468,21715,1.0,0
1469,68218,0.0,1
1470,20019,0.0,0
1471,42293,0.0,0
1472,68459,1.0,1
1473,65748,0.0,1
1474,19010,1.0,1
1475,45747,1.0,0
1476,62715,0.0,1
1477,55365,1.0,0
1478,14622,1.0,1
1479,62295,0.0,1
1480,16118,1.0,0
1481,40138,0.0,1
1482,54615,0.0,1
1483,57976,1.0,0
1484,29345,1.0,1
1485,25720,0.0,0
1486,15375,1.0,1
1487,34903,1.0,0
1488,51947,0.0,1
1489,17354,0.0,1
1490,36457,1.0,1
1491,27271,0.0,0
1492,41560,0.0,0
1493,3067,1.0,1
1494,27107,1.0,0
1495,19534,1.0,1
1496,62190,1.0,0
1497,41539,0.0,1
1498,9958,1.0,0
1499,68698,0.0,1
1500,36389,1.0,0
1501,48593,0.0,0
1502,28190,1.0,1
1503,20088,0.0,0
1504,47593,1.0,1
1505,604,0.0,1
1506,64159,0.0,0
1507,57806,0.0,1
1508,13396,1.0,1
1509,43190,1.0,1
1510,30777,0.0,1
1511,67825,1.0,1
1512,12951,0.0,0
1513,36533,1.0,1
1514,7504,0.0,0
1515,9683,0.0,0
1516,23419,1.0,1
1517,1888,1.0,0
1518,42889,0.0,0
1519,33819,1.0,1
1520,62954,1.0,0
1521,20522,1.0,0
1522,60258,0.0,0
1523,25091,1.0,1
1524,66725,1.0,1
1525,12284,0.0,0
1526,45577,1.0,1
1527,8605,1.0,1
1528,61589,0.0,1
1529,55151,0.0,0
1530,40015,1.0,1
1531,69302,0.0,1
1532,21995,0.0,0
1533,41017,1.0,1
1534,7345,0.0,0
1535,30972,1.0,1
1536,68030,0.0,1
1537,26962,1.0,0
1538,11960,1.0,1
1539,42098,1.0,1
1540,44445,1.0,0
1541,30629,1.0,0
1542,63960,1.0,0
1543,23905,0.0,0
1544,60959,0.0,1
1545,25505,1.0,0
1546,47755,1.0,0
1547,37330,0.0,1
1548,41230,1.0,0
1549,50650,1.0,0
1550,16256,0.0,1
1551,11390,1.0,1
1552,9552,1.0,1
1553,1037,0.0,0
1554,55820,1.0,1
1555,13691,0.0,0
1556,46084,0.0,0
1557,27440,0.0,1
1558,4106,1.0,1
1559,31541,0.0,1
1560,51950,1.0,1
1561,5682,0.0,1
1562,34412,1.0,0
1563,36017,1.0,1
1564,16430,1.0,1
1565,53682,0.0,1
1566,33761,0.0,1
1567,37614,1.0,0
1568,12677,0.0,1
1569,1023,1.0,1
1570,53004,1.0,0
1571,5367,0.0,0
1572,33594,1.0,1
1573,33540,0.0,0
1574,43343,1.0,1
1575,37706,0.0,1
1576,19063,0.0,0
1577,20310,0.0,0
1578,24127,1.0,1
1579,3106,1.0,1
1580,41127,0.0,1
1581,30783,1.0,1
1582,39431,1.0,0
1583,4691,1.0,0
1584,19749,1.0,0
1585,55995,1.0,0
1586,66716,0.0,1
1587,67375,1.0,1
1588,5857,1.0,1
1589,57296,1.0,0
1590,42990,0.0,0
1591,18946,1.0,1
1592,28797,0.0,0
1593,35220,1.0,1
1594,65496,1.0,0
1595,31374,0.0,0
1596,50892,1.0,0
1597,29507,0.0,1
1598,58094,1.0,0
1599,41070,0.0,1
1600,213,0.0,1
1601,27506,1.0,1
1602,53631,1.0,0
1603,40406,0.0,1
1604,56173,0.0,1
1605,15051,0.0,0
1606,38633,0.0,0
1607,31574,0.0,0
1608,28509,1.0,0
1609,42095,1.0,0
1610,43009,0.0,1
1611,58361,0.0,0
1612,20906,0.0,1
1613,68174,1.0,1
1614,10572,1.0,0
1615,1066,1.0,0
1616,40234,0.0,0
1617,11763,0.0,0
1618,31679,0.0,1
1619,8516,0.0,1
1620,58573,0.0,0
1621,57612,0.0,1
1622,18824,0.0,0
1623,5694,1.0,0
1624,40703,1.0,0
1625,26093,1.0,1
1626,38377,0.0,1
1627,67223,1.0,0
1628,6195,1.0,0
1629,41753,1.0,0
1630,2338,1.0,1
1631,40302,1.0,1
1632,50752,1.0,1
1633,37926,0.0,0
1634,58386,0.0,0
1635,61714,1.0,0
1636,23496,1.0,1
1637,58691,1.0,1
1638,12696,0.0,1
1639,63520,1.0,0
1640,22506,1.0,0
1641,64086,0.0,0
1642,40676,1.0,1
1643,17866,0.0,1
1644,40474,0.0,0
1645,8761,1.0,1
1646,52776,0.0,1
1647,13394,0.0,1
1648,3869,0.0,1
1649,1982,0.0,0
1650,58912,0.0,0
1651,29751,0.0,1
1652,32062,0.0,0
1653,65297,1.0,1
1654,28529,0.0,0
1655,53107,0.0,1
1656,13047,1.0,1
1657,67052,0.0,0
1658,34254,0.0,0
1659,40522,0.0,0
1660,69066,0.0,1
1661,64733,1.0,1
1662,5331,1.0,0
1663,42289,1.0,0
1664,18557,1.0,1
1665,38151,1.0,0
1666,5106,1.0,1
1667,15396,1.0,0
1668,21363,0.0,1
1669,54606,0.0,0
1670,56826,1.0,1
1671,35333,1.0,1
1672,34311,0.0,1
1673,66324,0.0,1
1674,20609,0.0,1
1675,58162,0.0,0
1676,12134,0.0,0
1677,20851,0.0,1
1678,37701,0.0,0
1679,57494,0.0,0
1680,32075,1.0,1
1681,46608,0.0,0
1682,8456,0.0,1
1683,47687,1.0,1
1684,19802,0.0,1
1685,40294,0.0,0
1686,7123,0.0,0
1687,9532,0.0,0
1688,1263,1.0,0
1689,57073,1.0,1
1690,9897,0.0,0
1691,40228,1.0,0
1692,50365,0.0,1
1693,4396,1.0,1
1694,25976,1.0,0
1695,39478,0.0,0
1696,67910,0.0,1
1697,46282,0.0,1
1698,62811,0.0,1
1699,65639,0.0,1
1700,11939,0.0,1
1701,29303,1.0,0
1702,61583,1.0,1
1703,31868,0.0,0
1704,35202,1.0,1
1705,39366,0.0,0
1706,8812,0.0,0
1707,5518,1.0,0
1708,44065,1.0,1
1709,25514,1.0,1
1710,31137,0.0,1
1711,4926,1.0,0
1712,36404,1.0,1
1713,18992,1.0,0
1714,38870,1.0,0
1715,25583,0.0,0
1716,46492,1.0,1
1717,29805,1.0,0
1718,26874,1.0,0
1719,5780,0.0,0
1720,25504,0.0,1
1721,31,0.0,0
1722,58437,1.0,1
1723,13306,1.0,1
1724,28534,1.0,1
1725,52976,1.0,0
1726,46511,1.0,0
1727,61160,0.0,1
1728,36806,0.0,0
1729,36744,0.0,0
1730,65833,1.0,1
1731,45306,0.0,0
1732,59564,1.0,1
1733,44352,0.0,1
1734,37587,0.0,1
1735,27481,0.0,1
1736,7882,1.0,0
1737,52528,1.0,1
1738,8253,0.0,1
1739,19351,0.0,0
1740,46828,0.0,1
1741,24424,1.0,1
1742,26452,0.0,0
1743,22851,1.0,0
1744,15316,0.0,0
1745,20140,0.0,1
1746,829,1.0,1
1747,28124,0.0,0
1748,45523,1.0,1
1749,23033,0.0,0
1750,23780,0.0,1
1751,64493,0.0,0
1752,49049,0.0,0
1753,41196,0.0,0
1754,1952,0.0,1
1755,770,1.0,1
1756,69344,1.0,0
1757,23391,0.0,1
1758,39008,0.0,1
1759,814,0.0,1
1760,56017,1.0,1
1761,10488,1.0,0
1762,4750,1.0,0
1763,48177,0.0,0
1764,66932,0.0,0
1765,65185,1.0,0
1766,40523,0.0,1
1767,45819,0.0,1
1768,50688,1.0,0
1769,32560,1.0,0
1770,32154,0.0,1
1771,33634,1.0,0
1772,25779,0.0,1
1773,30988,0.0,0
1774,69123,1.0,1
1775,51854,0.0,0
1776,2000,1.0,1
1777,31317,1.0,0
1778,48611,1.0,0
1779,61732,0.0,1
1780,60987,0.0,1
1781,22467,0.0,1
1782,3043,1.0,0
1783,49894,1.0,1
1784,32463,0.0,0
1785,64498,0.0,1
1786,42142,0.0,0
1787,37676,0.0,1
1788,60619,1.0,1
1789,64537,1.0,0
1790,44427,1.0,1
1791,56812,0.0,1
1792,42339,0.0,1
1793,10209,1.0,1
1794,45257,0.0,0
1795,60544,0.0,1
1796,13602,1.0,0
1797,5764,0.0,1
1798,6473,0.0,0
1799,43947,1.0,0
1800,50783,1.0,0
1801,65056,0.0,0
1802,9097,1.0,0
1803,12443,1.0,1
1804,56724,1.0,1
1805,40541,1.0,0
1806,95,0.0,1
1807,69436,0.0,0
1808,51173,1.0,0
1809,4574,1.0,0
1810,42369,0.0,0
1811,28662,0.0,0
1812,36631,0.0,0
1813,45823,0.0,1
1814,53588,0.0,0
1815,23473,0.0,1
1816,23470,0.0,1
1817,63947,0.0,0
1818,67939,1.0,1
1819,55284,1.0,0
1820,6631,1.0,1
1821,37771,1.0,1
1822,11600,0.0,1
1823,61914,0.0,0
1824,69267,1.0,0
1825,60168,1.0,1
1826,63667,0.0,1
1827,43463,0.0,1
1828,33766,0.0,0
1829,9687,0.0,0
1830,37027,1.0,0
1831,42929,0.0,0
1832,55170,0.0,0
1833,65831,1.0,0
1834,37041,0.0,1
1835,14107,0.0,1
1836,59324,1.0,1
1837,64332,0.0,1
1838,3777,1.0,0
1839,63085,0.0,1
1840,880,0.0,1
1841,63463,1.0,1
1842,59680,0.0,0
1843,59608,0.0,1
1844,42695,0.0,1
1845,47311,1.0,0
1846,28020,1.0,0
1847,52708,1.0,1
1848,15958,1.0,0
1849,58012,1.0,0
1850,67534,0.0,0
1851,5432,0.0,0
1852,16334,0.0,1
1853,63496,1.0,0
1854,56839,0.0,1
1855,50488,0.0,1
1856,8310,1.0,1
1857,43137,0.0,1
1858,42782,0.0,1
1859,14268,1.0,1
1860,15478,1.0,0
1861,32487,1.0,1
1862,21905,1.0,0
1863,66282,1.0,0
1864,48523,0.0,1
1865,44652,0.0,0
1866,22401,0.0,0
1867,51498,1.0,0
1868,60903,1.0,1
1869,22863,1.0,1
1870,26163,1.0,1
1871,49038,1.0,0
1872,14443,0.0,1
1873,43341,1.0,0
1874,45552,0.0,1
1875,62201,1.0,1
1876,6467,0.0,1
1877,44444,0.0,1
1878,52238,1.0,0
1879,68647,1.0,0
1880,17803,1.0,1
1881,58253,0.0,0
1882,32405,0.0,0
1883,30460,0.0,1
1884,13976,0.0,1
1885,16050,0.0,1
1886,17998,0.0,1
1887,9367,1.0,1
1888,68416,1.0,1
1889,7008,1.0,0
1890,12436,1.0,1
1891,55883,0.0,1
1892,39646,1.0,0
1893,14569,0.0,1
1894,58641,0.0,1
1895,61425,0.0,1
1896,8886,1.0,0
1897,68905,0.0,0
1898,20679,0.0,1
1899,6114,0.0,1
1900,68947,0.0,1
1901,36983,0.0,0
1902,67559,1.0,1
1903,21662,0.0,0
1904,57232,1.0,0
1905,15423,1.0,0
1906,3430,0.0,1
1907,57674,1.0,1
1908,26781,1.0,1
1909,64006,0.0,0
1910,54036,0.0,1
1911,58349,0.0,0
1912,56363,0.0,0
1913,35790,0.0,0
1914,59865,1.0,0
1915,1680,0.0,1
1916,37853,0.0,1
1917,61961,1.0,1
1918,24114,1.0,0
1919,42805,1.0,0
1920,35690,1.0,1
1921,42439,1.0,0
1922,24490,0.0,1
1923,12490,0.0,0
1924,45498,0.0,1
1925,23479,0.0,0
1926,62115,1.0,0
1927,28983,0.0,0
1928,58472,0.0,0
1929,26748,0.0,1
1930,1935,1.0,0
1931,6080,1.0,0
1932,64963,1.0,1
1933,8070,0.0,1
1934,2941,0.0,0
1935,47980,0.0,0
1936,51837,0.0,1
1937,38860,1.0,0
1938,23396,0.0,1
1939,4585,0.0,0
1940,46390,1.0,1
1941,504,1.0,0
1942,14965,0.0,0
1943,52641,0.0,0
1944,990,0.0,0
1945,68103,0.0,1
1946,37104,0.0,1
1947,2978,1.0,1
1948,53503,0.0,1
1949,8336,0.0,0
1950,45413,1.0,0
1951,65541,1.0,1
1952,58286,1.0,0
1953,63698,1.0,0
1954,63150,0.0,1
1955,28962,1.0,0
1956,50138,1.0,1
1957,10929,0.0,1
1958,62294,0.0,1
1959,60333,1.0,1
1960,47222,0.0,0
1961,11324,0.0,1
1962,58225,1.0,0
1963,43925,1.0,1
1964,6276,1.0,0
1965,18774,0.0,0
1966,39648,1.0,0
1967,49528,0.0,1
1968,36793,1.0,1
1969,30737,1.0,0
1970,21574,0.0,1
1971,55853,1.0,1
1972,66240,1.0,0
1973,36578,0.0,1
1974,11089,0.0,1
1975,48696,0.0,0
1976,39072,1.0,1
1977,55165,1.0,1
1978,63901,0.0,1
1979,7955,0.0,1
1980,7544,0.0,0
1981,21236,0.0,0
1982,23034,0.0,0
1983,28432,0.0,1
1984,26227,1.0,1
1985,66163,1.0,1
1986,52221,1.0,0
1987,62986,0.0,1
1988,64879,0.0,0
1989,7933,0.0,0
1990,30582,1.0,0
1991,15680,1.0,1
1992,15062,1.0,0
1993,20777,0.0,1
1994,61235,0.0,1
1995,33445,0.0,1
1996,8831,0.0,0
1997,56938,1.0,1
1998,8215,0.0,0
1999,65554,1.0,1
2000,32510,1.0,1
2001,64578,1.0,0
2002,21869,0.0,1
2003,32724,1.0,1
2004,40744,0.0,0
2005,13741,1.0,0
2006,23612,0.0,1
2007,49876,1.0,0
2008,49580,1.0,1
2009,37443,0.0,0
2010,67243,1.0,1
2011,45503,1.0,1
2012,60633,0.0,0
2013,19072,0.0,0
2014,40139,1.0,0
2015,29503,0.0,1
2016,25290,0.0,0
2017,48079,1.0,0
2018,37448,0.0,0
2019,56428,1.0,0
2020,23351,0.0,0
2021,20404,0.0,1
2022,42474,0.0,0
2023,33543,1.0,0
2024,38407,0.0,1
2025,57237,0.0,1
2026,3317,0.0,1
2027,43337,1.0,1
2028,43601,0.0,0
2029,2970,0.0,1
2030,10443,0.0,1
2031,24192,0.0,1
2032,52020,0.0,1
2033,46760,0.0,0
2034,34054,1.0,0
2035,62529,0.0,0
2036,52378,1.0,1
2037,15462,0.0,1
2038,17621,0.0,0
2039,8162,0.0,1
2040,64159,0.0,1
2041,55830,1.0,1
2042,56418,1.0,0
2043,54861,1.0,0
2044,15968,0.0,0
2045,40640,0.0,1
2046,55611,0.0,0
2047,47316,0.0,1
2048,6289,0.0,0
2049,15337,0.0,1
2050,48311,0.0,1
2051,36433,1.0,0
2052,44421,0.0,1
2053,35903,1.0,1
2054,54630,0.0,0
2055,39909,0.0,0
2056,45294,0.0,0
2057,44151,1.0,0
2058,44061,0.0,0
2059,45535,0.0,1
2060,46645,1.0,1
2061,4918,1.0,0
2062,24509,1.0,0
2063,17837,1.0,0
2064,10532,0.0,1
2065,62918,0.0,0
2066,7255,0.0,0
2067,26766,0.0,0
2068,39945,0.0,1
2069,46857,1.0,0
2070,48866,0.0,0
2071,40609,1.0,1
2072,11674,0.0,0
2073,39478,0.0,0
2074,59176,0.0,1
2075,28092,0.0,0
2076,13987,0.0,1
2077,38899,0.0,0
2078,56216,1.0,1
2079,16371,0.0,1
2080,35649,0.0,1
2081,61127,1.0,0
2082,26279,0.0,1
2083,38816,1.0,0
2084,48308,1.0,0
2085,66983,1.0,0
2086,11623,1.0,1
2087,17938,1.0,0
2088,1757,0.0,1
2089,49366,0.0,0
2090,53649,0.0,0
2091,52668,0.0,1
2092,22795,1.0,0
2093,64639,1.0,0
2094,44728,1.0,1
2095,38615,1.0,1
2096,32061,0.0,0
2097,31195,0.0,1
2098,50696,1.0,1
2099,22556,0.0,1
2100,54724,1.0,1
2101,41991,0.0,0
2102,55894,0.0,1
2103,43390,0.0,0
2104,63883,0.0,0
2105,26033,1.0,1
2106,8785,0.0,0
2107,19355,0.0,0
2108,31339,1.0,0
2109,42156,0.0,1
2110,31008,1.0,1
2111,24558,1.0,1
2112,44581,0.0,0
2113,61577,0.0,0
2114,46898,1.0,1
2115,43561,1.0,1
2116,27612,0.0,0
2117,17508,0.0,1
2118,23770,1.0,0
2119,30896,0.0,1
2120,24009,0.0,1
2121,31238,0.0,1
2122,845,1.0,1
2123,29850,0.0,1
2124,29574,1.0,1
2125,41409,0.0,0
2126,18485,0.0,1
2127,40167,1.0,1
2128,49698,0.0,1
2129,18406,0.0,0
2130,13515,0.0,0
2131,47086,0.0,1
2132,69427,0.0,0
2133,42928,0.0,1
2134,36469,1.0,1
2135,63216,0.0,0
2136,16581,1.0,1
2137,64098,0.0,0
2138,49621,0.0,1
2139,38893,1.0,1
2140,27165,0.0,1
2141,24590,0.0,1
2142,6271,0.0,1
2143,19305,1.0,0
2144,26523,1.0,0
2145,5347,0.0,1
2146,16233,0.0,1
2147,50105,0.0,0
2148,38314,0.0,1
2149,36696,1.0,1
2150,31347,1.0,0
2151,13113,1.0,0
2152,591,0.0,1
2153,53389,0.0,0
2154,5803,1.0,0
2155,36827,1.0,1
2156,50260,0.0,0
2157,2045,0.0,0
2158,16250,0.0,1
2159,35644,0.0,1
2160,25893,0.0,1
2161,59625,0.0,1
2162,59508,0.0,0
2163,11350,0.0,0
2164,58347,0.0,1
2165,58188,1.0,1
2166,23182,1.0,1
2167,54774,0.0,1
2168,54891,1.0,1
2169,55097,0.0,0
2170,17811,0.0,0
2171,18063,1.0,0
2172,60435,1.0,0
2173,51167,1.0,1
2174,1445,1.0,1
2175,26025,0.0,1
2176,9539,0.0,0
2177,47680,0.0,0
2178,67924,1.0,1
2179,55100,0.0,0
2180,7967,1.0,0
2181,7301,0.0,1
2182,23969,1.0,0
2183,12843,0.0,1
2184,32516,0.0,0
2185,57017,0.0,0
2186,11551,1.0,1
2187,31399,0.0,1
2188,2905,1.0,1
2189,22197,0.0,1
2190,47358,1.0,1
2191,35766,0.0,0
2192,3429,1.0,1
2193,14577,0.0,0
2194,31006,0.0,0
2195,44178,1.0,1
2196,24983,1.0,0
2197,16710,0.0,1
2198,392,0.0,0
2199,41464,0.0,0
2200,28381,0.0,1
2201,48472,0.0,0
2202,65286,1.0,0
2203,48343,1.0,1
2204,28846,1.0,1
2205,52857,0.0,0
2206,24231,0.0,1
2207,26483,0.0,0
2208,35955,0.0,1
2209,25449,0.0,1
2210,68939,0.0,1
2211,37610,0.0,1
2212,58109,0.0,0
2213,14774,0.0,1
2214,56257,1.0,1
2215,7349,0.0,0
2216,6651,1.0,1
2217,44945,0.0,1
2218,5692,0.0,0
2219,53395,0.0,1
2220,18735,0.0,1
2221,14412,0.0,1
2222,26573,0.0,1
2223,9407,0.0,1
2224,59783,1.0,1
2225,45258,1.0,0
2226,61208,0.0,1
2227,44320,0.0,0
2228,46781,0.0,0
2229,35700,0.0,1
2230,26290,1.0,1
2231,48694,0.0,1
2232,1955,1.0,0
2233,10814,0.0,1
2234,25746,1.0,1
2235,7175,0.0,0
2236,2925,0.0,0
2237,53201,0.0,1
2238,4098,0.0,0
2239,68360,1.0,0
2240,30613,0.0,0
2241,36484,0.0,1
2242,44391,0.0,1
2243,20201,1.0,0
2244,42447,1.0,0
2245,68756,1.0,0
2246,68976,1.0,1
2247,30574,1.0,0
2248,59477,1.0,1
2249,3574,0.0,1
2250,37238,0.0,0
2251,26939,1.0,0
2252,30481,1.0,1
2253,52386,1.0,0
2254,19524,0.0,0
2255,53644,1.0,0
2256,21646,1.0,0
2257,36215,1.0,1
2258,68340,1.0,1
2259,38653,0.0,1
2260,59546,0.0,0
2261,62378,1.0,0
2262,56576,1.0,1
2263,48432,1.0,0
2264,14258,1.0,1
2265,26512,0.0,0
2266,51153,1.0,1
2267,51326,0.0,0
2268,52426,0.0,1
2269,13992,0.0,0
2270,41868,0.0,1
2271,66074,0.0,0
2272,29523,0.0,1
2273,69588,1.0,1
2274,28240,1.0,1
2275,41418,0.0,1
2276,3939,1.0,0
2277,32681,0.0,1
2278,18563,0.0,1
2279,29030,0.0,1
2280,37649,1.0,1
2281,68855,1.0,1
2282,29351,1.0,0
2283,23565,0.0,0
2284,58161,1.0,1
2285,53889,0.0,0
2286,41059,0.0,0
2287,54393,0.0,1
2288,24564,1.0,0
2289,38033,0.0,1
2290,20181,0.0,1
2291,26904,0.0,1
2292,66793,0.0,1
2293,7331,1.0,0
2294,8927,1.0,1
2295,41087,0.0,0
2296,36748,1.0,1
2297,38013,0.0,0
2298,24817,1.0,1
2299,37493,0.0,0
2300,3314,0.0,0
2301,58909,0.0,0
2302,10324,0.0,1
2303,61563,0.0,1
2304,48421,1.0,0
2305,58618,0.0,1
2306,11052,0.0,0
2307,26464,0.0,0
2308,55251,0.0,1
2309,53619,0.0,1
2310,23694,1.0,1
2311,23204,0.0,0
2312,53720,0.0,0
2313,44420,0.0,0
2314,26870,0.0,1
2315,7892,0.0,0
2316,60623,1.0,1
2317,25807,1.0,1
2318,27109,1.0,0
2319,38051,0.0,1
2320,45028,0.0,1
2321,44172,0.0,1
2322,69374,0.0,0
2323,49472,0.0,0
2324,19578,0.0,0
2325,524,1.0,1
2326,61665,0.0,0
2327,31501,0.0,1
2328,31820,1.0,0
2329,48977,0.0,0
2330,38547,0.0,0
2331,48348,0.0,1
2332,52430,0.0,1
2333,31003,1.0,0
2334,13968,0.0,1
2335,54440,0.0,0
2336,451,0.0,0
2337,15313,0.0,1
2338,46283,0.0,1
2339,13459,1.0,1
2340,33211,0.0,0
2341,61965,0.0,1
2342,29210,0.0,1
2343,56398,0.0,1
2344,16136,0.0,0
2345,34461,1.0,0
2346,49057,0.0,1
2347,57349,1.0,0
2348,37028,1.0,0
2349,11406,1.0,1
2350,39215,1.0,0
2351,69085,0.0,1
2352,24005,1.0,1
2353,66435,0.0,1
2354,54504,0.0,1
2355,66510,1.0,0
2356,45499,1.0,1
2357,13244,0.0,1
2358,33012,0.0,0
2359,65967,0.0,1
2360,34298,1.0,1
2361,27556,0.0,0
2362,42957,0.0,1
2363,6615,1.0,0
2364,69559,0.0,1
2365,37939,1.0,0
2366,58241,0.0,1
2367,16533,1.0,1
2368,16454,0.0,1
2369,67162,1.0,1
2370,39404,1.0,1
2371,22123,1.0,0
2372,48632,1.0,1
2373,10059,1.0,0
2374,4209,1.0,1
2375,24707,1.0,1
2376,23187,0.0,1
2377,1635,0.0,1
2378,44446,0.0,0
2379,6465,0.0,1
2380,44238,0.0,0
2381,29594,0.0,1
2382,46778,0.0,1
2383,16315,0.0,0
2384,46650,0.0,1
2385,52594,0.0,1
2386,64915,1.0,0
2387,7242,1.0,0
2388,34184,0.0,0
2389,59546,0.0,1
2390,65698,0.0,1
2391,42810,0.0,0
2392,30366,1.0,1
2393,69172,1.0,0
2394,28438,0.0,0
2395,68194,0.0,1
2396,6906,1.0,1
2397,2013,0.0,1
2398,43619,0.0,1
2399,54311,0.0,1
2400,29102,1.0,1
2401,15979,1.0,1
2402,56670,1.0,1
2403,62217,0.0,0
2404,30103,0.0,0
2405,6455,1.0,0
2406,10605,0.0,1
2407,65199,0.0,1
2408,34767,1.0,1
2409,17058,1.0,0
2410,13648,0.0,1
2411,3498,0.0,1
2412,7523,0.0,1
2413,9006,0.0,0
2414,28717,0.0,1
2415,58869,0.0,0
2416,36917,1.0,0
2417,36561,0.0,1
2418,5013,0.0,1
2419,34757,1.0,1
2420,64888,1.0,1
2421,22774,0.0,0
2422,60963,0.0,1
2423,63469,0.0,1
2424,1303,1.0,0
2425,29523,0.0,0
2426,69101,1.0,1
2427,63508,1.0,1
2428,5421,1.0,1
2429,54544,0.0,1
2430,61725,1.0,1
2431,64806,1.0,0
2432,38765,1.0,1
2433,58406,0.0,1
2434,15804,0.0,0
2435,43404,0.0,0
2436,68181,1.0,1
2437,5443,0.0,1
2438,49537,0.0,1
2439,28337,0.0,1
2440,47844,0.0,0
2441,29198,1.0,0
2442,30039,0.0,1
2443,22331,1.0,1
2444,64007,1.0,0
2445,4956,0.0,1
2446,15766,0.0,1
2447,19590,1.0,1
2448,39393,1.0,0
2449,60457,1.0,1
2450,64469,0.0,0
2451,33760,1.0,1
2452,2694,0.0,1
2453,36162,0.0,1
2454,5402,1.0,0
2455,54294,1.0,1
2456,44983,1.0,1
2457,3514,1.0,0
2458,2069,1.0,1
2459,25041,0.0,0
2460,43538,1.0,1
2461,50499,1.0,0
2462,56295,1.0,1
2463,29004,0.0,0
2464,43073,0.0,0
2465,31575,0.0,0
2466,60973,1.0,1
2467,25104,1.0,0
2468,63572,1.0,1
2469,44268,0.0,1
2470,2734,0.0,1
2471,40449,0.0,0
2472,32619,1.0,1
2473,34778,0.0,0
2474,6584,0.0,0
2475,11515,1.0,1
2476,9801,1.0,1
2477,58678,1.0,1
2478,32089,0.0,0
2479,40524,0.0,1
2480,64014,0.0,0
2481,86,1.0,0
2482,55910,1.0,0
2483,33599,0.0,0
2484,54993,1.0,0
2485,24656,0.0,0
2486,37407,1.0,1
2487,9056,1.0,1
2488,15292,0.0,1
2489,41806,1.0,1
2490,44052,0.0,1
2491,29461,0.0,1
2492,9582,1.0,1
2493,6544,0.0,1
2494,42660,1.0,0
2495,28045,0.0,0
2496,61302,1.0,0
2497,57646,1.0,0
2498,62209,0.0,1
2499,63102,0.0,1
2500,38739,0.0,1
2501,66698,0.0,1
2502,47309,0.0,1
2503,1491,1.0,1
2504,38611,1.0,1
2505,45569,1.0,1
2506,34198,0.0,1
2507,26940,0.0,0
2508,57998,0.0,0
2509,12496,1.0,0
2510,19326,0.0,1
2511,7789,0.0,1
2512,13282,0.0,0
2513,38557,0.0,1
2514,34912,0.0,1
2515,47278,1.0,1
2516,48494,0.0,0
2517,21309,1.0,0
2518,47468,1.0,1
2519,9710,0.0,0
2520,22079,0.0,1
2521,46138,0.0,1
2522,44864,1.0,1
2523,56889,0.0,1
2524,50700,0.0,0
2525,62413,1.0,0
2526,56957,0.0,1
2527,25837,0.0,0
2528,38771,0.0,1
2529,5349,1.0,1
2530,21189,0.0,1
2531,39279,1.0,1
2532,21572,1.0,1
2533,45601,0.0,1
2534,20208,0.0,0
2535,68996,1.0,1
2536,33241,0.0,0
2537,57855,0.0,1
2538,39403,0.0,1
2539,67367,1.0,1
2540,10088,0.0,0
2541,6525,0.0,1
2542,44683,0.0,1
2543,59000,0.0,0
2544,58565,0.0,1
2545,33898,0.0,0
2546,2039,0.0,1
2547,25072,1.0,0
2548,63803,1.0,1
2549,43618,1.0,1
2550,16955,1.0,0
2551,13677,0.0,1
2552,62363,0.0,1
2553,29455,0.0,1
2554,53374,1.0,1
2555,37509,0.0,0
2556,40101,0.0,1
2557,6019,0.0,1
2558,38053,0.0,1
2559,45803,1.0,1
2560,16407,0.0,1
2561,19512,0.0,0
2562,17472,1.0,1
2563,37073,1.0,1
2564,58762,0.0,0
2565,65162,1.0,0
2566,904,1.0,1
2567,20585,1.0,1
2568,21675,0.0,0
2569,43040,0.0,0
2570,3990,0.0,0
2571,13247,1.0,1
2572,61492,0.0,1
2573,69100,1.0,0
2574,52588,1.0,0
2575,41304,1.0,0
2576,42173,0.0,1
2577,5357,0.0,0
2578,39917,0.0,1
2579,12980,0.0,0
2580,7299,1.0,1
2581,3099,1.0,1
2582,741,1.0,0
2583,27081,0.0,1
2584,53044,1.0,1
2585,61529,0.0,0
2586,12158,0.0,0
2587,6525,0.0,1
2588,5698,1.0,1
2589,36842,0.0,0
2590,49569,0.0,0
2591,26805,0.0,1
2592,59498,0.0,1
2593,57593,1.0,1
2594,9247,1.0,1
2595,46611,0.0,0
2596,51081,0.0,0
2597,37007,0.0,1
2598,6668,1.0,1
2599,26587,1.0,1
2600,55951,0.0,0
2601,16437,1.0,1
2602,67111,1.0,1
2603,39350,0.0,1
2604,17116,0.0,1
2605,53114,1.0,0
2606,43306,0.0,0
2607,65088,0.0,1
2608,43462,0.0,1
2609,38288,0.0,1
2610,58442,0.0,1
2611,67296,0.0,1
2612,4982,1.0,1
2613,51185,1.0,1
2614,67499,1.0,0
2615,66175,0.0,0
2616,49652,0.0,1
2617,46023,0.0,1
2618,24373,0.0,1
2619,24962,0.0,1
2620,65436,1.0,0
2621,65083,0.0,0
2622,442,0.0,0
2623,9024,1.0,1
2624,13345,0.0,1
2625,61411,0.0,0
2626,1642,0.0,0
2627,22230,1.0,1
2628,48743,0.0,1
2629,68111,0.0,0
2630,35016,0.0,0
2631,59435,0.0,1
2632,48166,1.0,1
2633,18332,0.0,1
2634,65618,0.0,0
2635,32084,0.0,1
2636,25734,1.0,1
2637,58113,0.0,1
2638,53012,1.0,1
2639,52307,0.0,1
2640,28515,0.0,1
2641,28162,0.0,1
2642,14758,0.0,0
2643,13787,0.0,1
2644,4354,0.0,1
2645,11672,0.0,1
2646,25637,1.0,0
2647,31336,1.0,1
2648,66267,1.0,1
2649,67336,0.0,1
2650,58399,0.0,0
2651,10131,1.0,0
2652,66344,1.0,1
2653,4865,1.0,1
2654,28194,1.0,0
2655,19679,1.0,1
2656,2334,0.0,0
2657,4758,0.0,1
2658,33989,1.0,0
2659,4187,0.0,1
2660,28524,0.0,1
2661,69649,0.0,0
2662,61488,1.0,0
2663,38597,1.0,1
2664,47323,0.0,0
2665,59167,1.0,0
2666,44118,0.0,0
2667,51602,0.0,0
2668,2511,0.0,1
2669,41192,0.0,1
2670,6585,0.0,0
2671,44001,1.0,1
2672,50221,1.0,0
2673,33005,1.0,0
2674,60374,1.0,1
2675,66640,0.0,1
2676,51857,0.0,0
2677,21987,1.0,1
2678,1458,1.0,0
2679,12705,0.0,1
2680,22203,0.0,0
2681,30722,0.0,1
2682,48651,0.0,0
2683,17598,1.0,1
2684,41580,0.0,1
2685,50943,0.0,1
2686,55156,0.0,1
2687,5317,0.0,1
2688,4715,1.0,0
2689,47579,1.0,0
2690,28248,1.0,0
2691,44543,1.0,1
2692,44768,0.0,0
2693,44059,1.0,1
2694,2174,0.0,0
2695,55443,0.0,0
2696,1354,1.0,1
2697,27203,0.0,0
2698,40438,0.0,1
2699,10583,0.0,0
2700,61401,0.0,1
2701,42633,0.0,0
2702,28068,0.0,1
2703,68614,1.0,1
2704,2029,1.0,1
2705,66401,0.0,1
2706,12594,1.0,0
2707,21976,1.0,1
2708,30605,1.0,0
2709,57189,0.0,0
2710,50118,1.0,0
2711,32960,0.0,1
2712,436,1.0,0
2713,10160,0.0,1
2714,16527,1.0,1
2715,57915,0.0,1
2716,27370,0.0,0
2717,8496,1.0,1
2718,67254,0.0,1
2719,7491,0.0,0
2720,39218,0.0,1
2721,47908,1.0,1
2722,52408,0.0,1
2723,39681,0.0,1
2724,38924,0.0,0
2725,52326,1.0,0
2726,19887,1.0,1
2727,4894,0.0,0
2728,6830,0.0,1
2729,7080,1.0,0
2730,12912,0.0,0
2731,46777,1.0,0
2732,62220,1.0,1
2733,57656,1.0,0
2734,39744,0.0,0
2735,49490,1.0,1
2736,13786,1.0,1
2737,1624,0.0,1
2738,62994,1.0,0
2739,17752,0.0,1
2740,40749,1.0,1
2741,67319,0.0,1
2742,55634,1.0,1
2743,15425,0.0,1
2744,47223,0.0,0
2745,44361,1.0,1
2746,6358,0.0,1
2747,69537,1.0,0
2748,16618,0.0,1
2749,59566,0.0,1
2750,61743,1.0,1
2751,13349,1.0,1
2752,44292,0.0,0
2753,18454,0.0,1
2754,41697,0.0,0
2755,49259,0.0,1
2756,54789,0.0,1
2757,12890,1.0,1
2758,52758,1.0,1
2759,65026,1.0,0
2760,37860,0.0,1
2761,54234,1.0,0
2762,43459,0.0,0
2763,19988,0.0,0
2764,63309,1.0,0
2765,6910,0.0,0
2766,52042,1.0,1
2767,12789,1.0,1
2768,20436,0.0,1
2769,68784,0.0,1
2770,28760,1.0,0
2771,36367,1.0,0
2772,18247,0.0,1
2773,27066,0.0,1
2774,56943,0.0,1
2775,66426,1.0,1
2776,10433,0.0,0
2777,3724,1.0,1
2778,69487,1.0,0
2779,45449,0.0,1
2780,53554,0.0,0
2781,33881,0.0,1
2782,54995,1.0,0
2783,8095,0.0,0
2784,56490,0.0,0
2785,24534,1.0,0
2786,35511,1.0,0
2787,14592,0.0,1
2788,43842,0.0,1
2789,47959,1.0,1
2790,22952,0.0,1
2791,26451,1.0,0
2792,57498,1.0,0
2793,64485,0.0,1
2794,42696,0.0,0
2795,15457,1.0,1
2796,59911,0.0,0
2797,61673,0.0,1
2798,40352,0.0,1
2799,45876,0.0,1
2800,47912,0.0,0
2801,58990,0.0,1
2802,45044,1.0,0
2803,12977,0.0,0
2804,11121,1.0,0
2805,1429,1.0,1
2806,69441,0.0,1
2807,11388,0.0,0
2808,398,0.0,1
2809,48370,0.0,0
2810,66405,0.0,0
2811,41119,1.0,0
2812,7362,0.0,1
2813,9181,1.0,0
2814,49169,0.0,1
2815,58619,1.0,1
2816,61963,1.0,1
2817,22688,0.0,0
2818,47942,0.0,0
2819,33600,0.0,0
2820,36922,1.0,1
2821,51130,0.0,0
2822,100,1.0,1
2823,66478,0.0,0
2824,17074,0.0,1
2825,2672,1.0,1
2826,32019,0.0,1
2827,45149,0.0,1
2828,56705,0.0,1
2829,42957,0.0,0
2830,67310,0.0,1
2831,7495,0.0,1
2832,62447,1.0,1
2833,11981,0.0,1
2834,26256,0.0,1
2835,61727,0.0,1
2836,51908,0.0,0
2837,20333,0.0,1
2838,9908,0.0,1
2839,46230,0.0,0
2840,7085,0.0,0
2841,25233,0.0,1
2842,24193,1.0,1
2843,60847,1.0,1
2844,2099,0.0,1
2845,51782,0.0,0
2846,28081,0.0,0
2847,58078,0.0,0
2848,60934,0.0,1
2849,21221,0.0,0
2850,54535,0.0,1
2851,20594,0.0,1
2852,33885,1.0,1
2853,5658,0.0,1
2854,22859,1.0,0
2855,9144,0.0,0
2856,66374,0.0,0
2857,52945,0.0,0
2858,2868,1.0,0
2859,61832,1.0,0
2860,44210,1.0,1
2861,27869,0.0,0
2862,25171,0.0,0
2863,66367,1.0,1
2864,65326,0.0,1
2865,56055,1.0,0
2866,23132,1.0,1
2867,7201,0.0,0
2868,37235,0.0,1
2869,42382,0.0,1
2870,21975,0.0,0
2871,56375,1.0,0
2872,12427,1.0,0
2873,14084,1.0,1
2874,22657,1.0,1
2875,59282,0.0,0
2876,55214,0.0,1
2877,20083,0.0,0
2878,2601,0.0,1
2879,66789,1.0,0
2880,67519,1.0,0
2881,24299,0.0,1
2882,17556,1.0,0
2883,38866,0.0,0
2884,37840,0.0,0
2885,21131,0.0,0
2886,59720,0.0,1
2887,47582,1.0,1
2888,19347,0.0,1
2889,69042,1.0,0
2890,66331,1.0,1
2891,11120,1.0,1
2892,45800,1.0,0
2893,63382,1.0,1
2894,51110,0.0,0
2895,20844,1.0,0
2896,7764,0.0,1
2897,35622,1.0,1
2898,62362,0.0,1
2899,8302,1.0,0
2900,3555,1.0,1
2901,44122,0.0,1
2902,56641,1.0,1
2903,15206,0.0,1
2904,2896,0.0,1
2905,10827,0.0,1
2906,44399,1.0,0
2907,40890,0.0,0
2908,38991,0.0,1
2909,821,0.0,1
2910,9878,1.0,1
2911,25111,0.0,0
2912,19457,0.0,1
2913,50851,0.0,1
2914,7562,0.0,0
2915,34123,0.0,0
2916,26602,0.0,0
2917,527,0.0,1
2918,57698,1.0,1
2919,3891,1.0,1
2920,4856,1.0,1
2921,25195,1.0,0
2922,11263,0.0,1
2923,59821,0.0,1
2924,45232,1.0,1
2925,13440,1.0,1
2926,7186,0.0,1
2927,7267,0.0,0
2928,49610,0.0,1
2929,68610,0.0,1
2930,49189,1.0,0
2931,69011,0.0,0
2932,15050,1.0,1
2933,62971,0.0,0
2934,3462,0.0,1
2935,8218,0.0,1
2936,5035,1.0,1
2937,6694,0.0,1
2938,11577,0.0,0
2939,55027,1.0,1
2940,27704,0.0,0
2941,25640,0.0,0
2942,43966,0.0,1
2943,56533,0.0,1
2944,46795,0.0,1
2945,11669,1.0,0
2946,64587,1.0,1
2947,45896,1.0,1
2948,28572,0.0,0
2949,27729,1.0,0
2950,61221,1.0,1
2951,69154,0.0,0
2952,56485,0.0,0
2953,18134,0.0,1
2954,34020,1.0,0
2955,41523,1.0,0
2956,1848,0.0,0
2957,12623,0.0,1
2958,28468,0.0,0
2959,9909,0.0,1
2960,30980,0.0,0
2961,19717,1.0,1
2962,25027,0.0,1
2963,52781,1.0,1
2964,66269,1.0,0
2965,4858,0.0,1
2966,18645,1.0,1
2967,68149,1.0,0
2968,16088,1.0,0
2969,44252,1.0,0
2970,65349,0.0,1
2971,11164,1.0,0
2972,44838,1.0,0
2973,11877,0.0,0
2974,23991,0.0,1
2975,69472,0.0,1
2976,26273,0.0,1
2977,57076,0.0,1
2978,65084,1.0,1
2979,18808,1.0,0
2980,56982,1.0,1
2981,5720,1.0,1
2982,38794,1.0,1
2983,49302,1.0,0
2984,43434,0.0,1
2985,17909,1.0,1
2986,63765,0.0,1
2987,34608,1.0,0
2988,27799,0.0,1
2989,35526,0.0,1
2990,19808,0.0,1
2991,40991,0.0,0
2992,5825,0.0,0
2993,53950,0.0,1
2994,19037,1.0,0
2995,29298,1.0,0
2996,40368,0.0,0
2997,34509,1.0,1
2998,41474,0.0,0
2999,544,0.0,1
3000,41819,0.0,1
3001,28897,1.0,1
3002,50982,1.0,0
3003,59270,0.0,1
3004,22618,0.0,0
3005,25331,0.0,1
3006,35197,0.0,0
3007,26373,0.0,0
3008,498,1.0,1
3009,2836,1.0,0
3010,67687,0.0,0
3011,64842,0.0,1
3012,37566,0.0,1
3013,11343,0.0,1
3014,3507,1.0,0
3015,6780,0.0,0
3016,5217,1.0,1
3017,32206,0.0,1
3018,37819,1.0,1
3019,10280,0.0,1
3020,34541,0.0,1
3021,4137,0.0,1
3022,33332,0.0,0
3023,63905,1.0,1
3024,13155,0.0,0
3025,4854,0.0,1
3026,46534,1.0,0
3027,22943,0.0,0
3028,23908,1.0,0
3029,47955,0.0,0
3030,66630,0.0,0
3031,48576,0.0,1
3032,49542,1.0,1
3033,37158,0.0,1
3034,35572,0.0,0
3035,58646,0.0,1
3036,42610,1.0,1
3037,2655,1.0,1
3038,65271,1.0,0
3039,6306,0.0,0
3040,20568,0.0,0
3041,26978,1.0,1
3042,35325,0.0,1
3043,69385,0.0,1
3044,17550,1.0,0
3045,18278,0.0,0
3046,59298,1.0,1
3047,10,0.0,1
3048,29454,0.0,0
3049,6316,0.0,1
3050,25073,0.0,1
3051,56475,1.0,1
3052,16998,1.0,0
3053,69182,1.0,0
3054,54277,0.0,1
3055,2260,0.0,1
3056,60001,0.0,1
3057,27714,0.0,0
3058,11680,0.0,1
3059,39537,1.0,0
3060,67805,1.0,1
3061,64973,1.0,1
3062,19722,0.0,1
3063,45838,1.0,0
3064,33520,0.0,1
3065,370,0.0,1
3066,61249,1.0,0
3067,69351,0.0,1
3068,46284,0.0,1
3069,23233,1.0,0
3070,7878,1.0,0
3071,56590,1.0,1
3072,62774,0.0,1
3073,5609,0.0,1
3074,54858,0.0,1
3075,59718,0.0,0
3076,24670,1.0,1
3077,12172,0.0,0
3078,12493,0.0,1
3079,4,0.0,1
3080,59319,1.0,0
3081,20820,0.0,1
3082,37348,0.0,1
3083,8382,0.0,1
3084,55763,0.0,0
3085,12485,0.0,0
3086,20487,0.0,1
3087,55297,1.0,1
3088,50652,0.0,0
3089,36283,1.0,1
3090,26079,1.0,0
3091,32235,1.0,0
3092,27645,0.0,0
3093,49871,0.0,1
3094,40773,0.0,0
3095,358,1.0,1
3096,42473,0.0,0
3097,37329,1.0,0
3098,6126,0.0,0
3099,39041,0.0,1
3100,53911,0.0,0
3101,56165,1.0,1
3102,63109,1.0,0
3103,28917,1.0,1
3104,66798,1.0,1
3105,55198,1.0,1
3106,63506,0.0,0
3107,5821,0.0,1
3108,10737,0.0,0
3109,30787,0.0,1
3110,32080,0.0,0
3111,41987,0.0,0
3112,23717,1.0,1
3113,59294,1.0,1
3114,26811,0.0,0
3115,31598,0.0,1
3116,14720,0.0,0
3117,7083,0.0,1
3118,30247,0.0,0
3119,23883,0.0,1
3120,10015,1.0,1
3121,57305,0.0,0
3122,41659,1.0,1
3123,17574,0.0,0
3124,14001,0.0,1
3125,48193,1.0,1
3126,44886,0.0,1
3127,45943,0.0,1
3128,12703,1.0,1
3129,42958,0.0,1
3130,67743,0.0,1
3131,62309,1.0,0
3132,28216,0.0,1
3133,39595,0.0,1
3134,68894,0.0,0
3135,30549,0.0,0
3136,49991,0.0,1
3137,36538,0.0,1
3138,51262,1.0,1
3139,60818,1.0,1
3140,7781,1.0,1
3141,44911,1.0,1
3142,43775,0.0,1
3143,121,0.0,1
3144,21297,0.0,1
3145,60586,1.0,1
3146,65394,0.0,1
3147,5199,0.0,0
3148,68645,0.0,1
3149,28433,0.0,1
3150,38506,0.0,0
3151,22452,0.0,1
3152,3617,0.0,1
3153,63695,0.0,1
3154,27255,0.0,1
3155,61211,0.0,0
3156,64991,1.0,1
3157,57867,1.0,0
3158,1652,0.0,0
3159,32043,1.0,1
3160,26438,1.0,0
3161,63058,0.0,1
3162,33118,0.0,0
3163,52119,0.0,1
3164,36719,0.0,1
3165,37754,0.0,0
3166,5751,0.0,0
3167,46800,0.0,0
3168,65266,1.0,0
3169,60752,1.0,0
3170,40375,1.0,1
3171,42943,1.0,1
3172,52223,0.0,0
3173,36630,0.0,0
3174,21466,0.0,1
3175,57985,1.0,0
3176,6411,0.0,1
3177,62008,1.0,1
3178,67274,0.0,1
3179,41541,1.0,1
3180,6152,1.0,1
3181,29205,0.0,0
3182,25258,0.0,0
3183,46249,1.0,1
3184,34119,0.0,1
3185,61046,0.0,0
3186,15916,1.0,0
3187,63618,0.0,0
3188,26036,1.0,0
3189,38921,1.0,0
3190,12483,0.0,0
3191,29675,0.0,0
3192,40956,1.0,1
3193,3522,1.0,0
3194,65705,0.0,1
3195,41158,1.0,1
3196,24236,0.0,1
3197,24517,1.0,0
3198,46597,1.0,1
3199,61393,1.0,0
3200,61895,1.0,1
3201,60579,1.0,1
3202,7380,0.0,0
3203,60017,0.0,1
3204,57689,1.0,1
3205,41628,0.0,1
3206,7394,1.0,0
3207,21119,0.0,1
3208,19655,1.0,0
3209,38114,0.0,1
3210,56077,0.0,1
3211,25456,0.0,1
3212,5246,0.0,1
3213,28882,0.0,1
3214,66184,1.0,0
3215,54016,0.0,1
3216,50981,0.0,0
3217,44542,1.0,1
3218,62381,1.0,1
3219,57547,0.0,0
3220,25215,1.0,1
3221,16650,0.0,0
3222,3194,0.0,0
3223,44213,0.0,0
3224,54997,0.0,1
3225,49871,0.0,1
3226,20656,0.0,1
3227,51535,0.0,1
3228,33759,0.0,0
3229,25046,0.0,1
3230,54030,0.0,1
3231,10983,0.0,1
3232,22687,0.0,1
3233,21789,0.0,0
3234,61165,0.0,1
3235,26255,0.0,1
3236,69154,0.0,1
3237,55526,0.0,1
3238,21464,0.0,0
3239,36043,1.0,0
3240,9802,0.0,1
3241,20647,0.0,1
3242,36048,1.0,0
3243,1621,0.0,1
3244,58996,1.0,1
3245,1911,0.0,0
3246,40380,0.0,0
3247,33240,0.0,0
3248,62463,1.0,0
3249,42164,0.0,0
3250,45543,1.0,1
3251,56350,1.0,1
3252,10395,0.0,1
3253,62875,1.0,1
3254,21514,0.0,0
3255,28786,1.0,1
3256,17855,0.0,0
3257,38886,1.0,0
3258,3135,0.0,1
3259,5223,0.0,1
3260,58521,0.0,1
3261,21864,0.0,1
3262,57679,0.0,1
3263,11413,1.0,1
3264,20793,1.0,0
3265,21629,1.0,0
3266,61318,1.0,1
3267,57441,1.0,1
3268,14189,0.0,0
3269,67970,1.0,1
3270,34546,0.0,0
3271,12273,1.0,0
3272,19823,1.0,0
3273,9018,0.0,0
3274,68654,0.0,0
3275,48686,1.0,1
3276,60646,0.0,1
3277,43485,0.0,1
3278,52996,1.0,0
3279,27977,0.0,1
3280,64503,0.0,1
3281,48701,1.0,0
3282,3952,1.0,0
3283,56809,1.0,0
3284,2561,1.0,1
3285,34769,0.0,0
3286,36258,0.0,1
3287,13881,0.0,1
3288,4048,1.0,0
3289,21696,1.0,1
3290,137,1.0,1
3291,46059,0.0,1
3292,30586,0.0,0
3293,51374,1.0,1
3294,40947,0.0,0
3295,69110,1.0,1
3296,66868,1.0,1
3297,46993,1.0,0
3298,21647,1.0,0
3299,53200,0.0,1
3300,31719,0.0,1
3301,66411,0.0,1
3302,13498,1.0,1
3303,57966,1.0,1
3304,37810,0.0,1
3305,53665,1.0,1
3306,33126,1.0,0
3307,51779,1.0,1
3308,112,0.0,1
3309,21183,1.0,0
3310,27427,1.0,1
3311,57109,0.0,1
3312,14891,1.0,0
3313,25365,1.0,1
3314,52649,0.0,0
3315,23360,1.0,0
3316,57555,1.0,0
3317,68979,0.0,0
3318,50927,0.0,0
3319,59267,0.0,0
3320,38172,1.0,1
3321,45490,0.0,0
3322,31148,1.0,1
3323,40587,1.0,0
3324,4277,1.0,0
3325,61155,0.0,1
3326,68057,0.0,1
3327,3248,1.0,1
3328,17875,0.0,1
3329,15692,0.0,1
3330,57877,1.0,0
3331,61740,0.0,1
3332,68827,0.0,1
3333,52912,0.0,1
3334,8592,1.0,0
3335,68801,1.0,1
3336,50530,0.0,1
3337,41717,0.0,1
3338,60122,1.0,1
3339,46045,1.0,0
3340,27261,0.0,1
3341,67824,1.0,1
3342,3005,0.0,0
3343,47961,0.0,1
3344,10976,0.0,0
3345,67342,0.0,1
3346,6908,1.0,1
3347,59968,0.0,0
3348,13769,1.0,1
3349,60157,1.0,0
3350,55068,1.0,1
3351,57943,0.0,1
3352,44558,0.0,0
3353,30899,0.0,0
3354,20516,0.0,1
3355,9441,0.0,1
3356,69466,0.0,1
3357,9877,0.0,0
3358,51552,0.0,0
3359,31949,1.0,1
3360,29224,0.0,0
3361,61178,1.0,1
3362,3169,0.0,1
3363,18409,0.0,0
3364,58181,1.0,1
3365,24481,1.0,0
3366,24786,0.0,1
3367,60380,1.0,1
3368,15918,0.0,0
3369,32572,1.0,0
3370,41498,1.0,0
3371,39865,1.0,0
3372,68157,1.0,1
3373,64616,1.0,0
3374,67045,0.0,0
3375,18115,1.0,1
3376,14718,0.0,1
3377,66941,1.0,0
3378,36585,0.0,1
3379,16666,1.0,0
3380,23831,1.0,0
3381,42722,0.0,1
3382,69639,0.0,1
3383,60152,0.0,1
3384,68204,1.0,0
3385,69444,0.0,1
3386,23564,0.0,0
3387,62333,1.0,0
3388,31792,1.0,0
3389,47202,1.0,1
3390,45990,0.0,1
3391,32941,1.0,0
3392,20412,1.0,1
3393,66963,1.0,1
3394,68921,0.0,0
3395,19482,0.0,0
3396,304,0.0,0
3397,15287,0.0,0
3398,40963,1.0,1
3399,21565,1.0,1
3400,34702,0.0,0
3401,43609,1.0,0
3402,51413,1.0,1
3403,34258,0.0,1
3404,12812,1.0,1
3405,11281,1.0,1
3406,67459,0.0,1
3407,23113,0.0,1
3408,23746,0.0,1
3409,9356,0.0,0
3410,59091,1.0,1
3411,30617,1.0,0
3412,50611,1.0,1
3413,5623,1.0,0
3414,11682,0.0,1
3415,19681,0.0,1
3416,36815,0.0,1
3417,22098,0.0,0
3418,59583,0.0,0
3419,41738,1.0,0
3420,59128,0.0,1
3421,30465,0.0,1
3422,68058,1.0,1
3423,20589,1.0,0
3424,15740,0.0,0
3425,26440,0.0,1
3426,65624,0.0,0
3427,28785,1.0,0
3428,44562,1.0,1
3429,54594,1.0,0
3430,57351,1.0,1
3431,36079,0.0,1
3432,62491,0.0,1
3433,48527,0.0,1
3434,62712,0.0,0
3435,65893,0.0,0
3436,68631,0.0,1
3437,34149,1.0,1
3438,42394,0.0,0
3439,65381,0.0,0
3440,60272,0.0,1
3441,64849,0.0,0
3442,40914,0.0,0
3443,14829,0.0,0
3444,35657,0.0,1
3445,27234,0.0,1
3446,23461,0.0,0
3447,7842,1.0,0
3448,41164,0.0,1
3449,49973,1.0,0
3450,37520,0.0,1
3451,12170,0.0,0
3452,35601,0.0,0
3453,47315,0.0,0
3454,10180,0.0,1
3455,61133,0.0,0
3456,51603,0.0,0
3457,15647,0.0,1
3458,8058,1.0,1
3459,36481,0.0,0
3460,27394,1.0,1
3461,62519,0.0,0
3462,22751,0.0,0
3463,21842,0.0,1
3464,27064,0.0,0
3465,63984,0.0,0
3466,6829,1.0,1
3467,18947,0.0,1
3468,1884,0.0,1
3469,18951,0.0,0
3470,58837,0.0,0
3471,48730,1.0,1
3472,10727,1.0,1
3473,64570,0.0,0
3474,23888,0.0,1
3475,23927,0.0,1
3476,61764,1.0,0
3477,2545,0.0,0
3478,48576,0.0,1
3479,54399,0.0,1
3480,14892,1.0,0
3481,14132,0.0,1
3482,2787,0.0,0
3483,51206,1.0,1
3484,1346,0.0,1
3485,69572,1.0,0
3486,11208,0.0,1
3487,26651,0.0,1
3488,4300,0.0,1
3489,55014,0.0,1
3490,40633,0.0,0
3491,61297,0.0,0
3492,46859,0.0,1
3493,8955,0.0,1
3494,52921,0.0,1
3495,68068,1.0,1
3496,63356,1.0,0
3497,21998,0.0,1
3498,11889,0.0,1
3499,39226,1.0,0
3500,57408,0.0,1
3501,56773,1.0,1
3502,11722,0.0,0
3503,37266,0.0,0
3504,48009,0.0,0
3505,30378,1.0,1
3506,67296,0.0,1
3507,55711,1.0,1
3508,68739,0.0,0
3509,54915,1.0,0
3510,59223,1.0,1
3511,40641,1.0,1
3512,69237,0.0,0
3513,14399,1.0,1
3514,29541,1.0,0
3515,54252,0.0,0
3516,50447,0.0,1
3517,68148,1.0,1
3518,13927,0.0,0
3519,4411,0.0,0
3520,49308,0.0,1
3521,41519,1.0,1
3522,43264,1.0,1
3523,53080,0.0,0
3524,34493,1.0,0
3525,36745,1.0,0
3526,10999,0.0,0
3527,9466,0.0,0
3528,28290,0.0,1
3529,3081,1.0,1
3530,43770,1.0,1
3531,18099,1.0,0
3532,13742,1.0,0
3533,21449,0.0,1
3534,27081,0.0,1
3535,13492,0.0,1
3536,3798,1.0,0
3537,60625,0.0,1
3538,58567,1.0,1
3539,10100,1.0,0
3540,22297,0.0,0
3541,13981,0.0,0
3542,52289,0.0,1
3543,37276,0.0,0
3544,43043,0.0,1
3545,2170,0.0,0
3546,36226,0.0,0
3547,49548,0.0,0
3548,39904,1.0,1
3549,45468,0.0,0
3550,45988,0.0,0
3551,4062,0.0,0
3552,16135,0.0,0
3553,29086,1.0,1
3554,50171,0.0,1
3555,36717,1.0,1
3556,45105,1.0,1
3557,26312,0.0,0
3558,65038,1.0,0
3559,23206,0.0,1
3560,68289,1.0,0
3561,12482,0.0,1
3562,45016,0.0,1
3563,31225,0.0,1
3564,53893,1.0,1
3565,67545,1.0,0
3566,29172,1.0,1
3567,49712,1.0,0
3568,5773,1.0,1
3569,23350,1.0,0
3570,11300,1.0,1
3571,26852,0.0,1
3572,24825,1.0,1
3573,63625,1.0,1
3574,18652,1.0,1
3575,56650,1.0,1
3576,53917,0.0,0
3577,65879,0.0,0
3578,43554,0.0,1
3579,41125,1.0,1
3580,46143,0.0,0
3581,65457,0.0,0
3582,61845,1.0,1
3583,25946,0.0,1
3584,64830,1.0,1
3585,44077,0.0,1
3586,8569,1.0,0
3587,41050,1.0,1
3588,32093,0.0,1
3589,33376,0.0,0
3590,14179,0.0,1
3591,61311,1.0,1
3592,43526,1.0,0
3593,25014,1.0,0
3594,67278,1.0,0
3595,7545,1.0,1
3596,32339,0.0,1
3597,10673,0.0,0
3598,28063,0.0,1
3599,41785,0.0,0
3600,58325,0.0,1
3601,55673,0.0,0
3602,56898,1.0,1
3603,3662,0.0,1
3604,60125,0.0,0
3605,28748,0.0,1
3606,56855,1.0,1
3607,67596,1.0,1
3608,25263,0.0,1
3609,14615,0.0,0
3610,27168,0.0,1
3611,40811,1.0,1
3612,43342,0.0,0
3613,36763,0.0,1
3614,448,1.0,0
3615,52094,1.0,1
3616,9373,1.0,1
3617,32421,0.0,1
3618,37770,0.0,0
3619,55464,0.0,0
3620,22911,1.0,0
3621,26526,1.0,1
3622,14164,0.0,1
3623,50047,0.0,1
3624,44843,0.0,1
3625,26455,1.0,1
3626,41497,0.0,0
3627,33995,1.0,1
3628,38026,0.0,1
3629,5394,0.0,0
3630,4785,0.0,1
3631,40369,0.0,0
3632,17435,0.0,0
3633,51065,1.0,1
3634,61780,0.0,0
3635,6311,0.0,1
3636,67121,1.0,1
3637,58982,0.0,1
3638,58090,1.0,1
3639,39242,0.0,1
3640,33817,0.0,1
3641,26628,1.0,1
3642,67122,0.0,0
3643,8126,1.0,0
3644,36139,1.0,1
3645,69289,1.0,1
3646,64912,0.0,1
3647,60801,1.0,1
3648,43589,1.0,1
3649,777,0.0,1
3650,60995,1.0,1
3651,38088,1.0,1
3652,45349,1.0,1
3653,56285,0.0,1
3654,22305,1.0,0
3655,35010,0.0,0
3656,69232,1.0,0
3657,54897,0.0,1
3658,8171,0.0,1
3659,68267,1.0,1
3660,47996,1.0,1
3661,61522,0.0,1
3662,2102,0.0,0
3663,49144,0.0,0
3664,56961,0.0,0
3665,19541,0.0,0
3666,21894,0.0,1
3667,1478,1.0,1
3668,40338,0.0,1
3669,1188,0.0,1
3670,53875,1.0,0
3671,15650,0.0,1
3672,32458,0.0,0
3673,32644,1.0,1
3674,35811,1.0,1
3675,42227,0.0,1
3676,3274,0.0,0
3677,6039,0.0,1
3678,32891,0.0,1
3679,29189,0.0,0
3680,7941,1.0,0
3681,44479,0.0,0
3682,33665,0.0,0
3683,14783,0.0,1
3684,49693,0.0,0
3685,1548,1.0,1
3686,19744,1.0,1
3687,22400,0.0,1
3688,33797,1.0,0
3689,13909,0.0,1
3690,40109,0.0,1
3691,54877,1.0,1
3692,15042,0.0,1
3693,38840,0.0,0
3694,37201,0.0,1
3695,45474,1.0,0
3696,66497,0.0,1
3697,61696,1.0,0
3698,68707,1.0,1
3699,42128,0.0,0
3700,33127,1.0,1
3701,14405,1.0,0
3702,62188,1.0,1
3703,15085,0.0,0
3704,53596,0.0,1
3705,38167,0.0,1
3706,51918,0.0,1
3707,25314,0.0,1
3708,5632,1.0,1
3709,7639,0.0,1
3710,7703,1.0,1
3711,46090,1.0,1
3712,54970,1.0,0
3713,6941,1.0,1
3714,65270,0.0,1
3715,32132,0.0,1
3716,59142,0.0,0
3717,9285,0.0,0
3718,31952,1.0,1
3719,19618,1.0,1
3720,25380,1.0,1
3721,60596,1.0,0
3722,67704,0.0,1
3723,52727,1.0,1
3724,36313,0.0,1
3725,11398,1.0,1
3726,24506,1.0,1
3727,17491,0.0,0
3728,62769,0.0,0
3729,54389,1.0,1
3730,55072,0.0,1
3731,69001,1.0,1
3732,4018,1.0,1
3733,13542,1.0,0
3734,3285,0.0,0
3735,54633,1.0,1
3736,21693,1.0,1
3737,48304,0.0,0
3738,34683,1.0,0
3739,4634,0.0,1
3740,8771,0.0,1
3741,42165,0.0,1
3742,32192,0.0,1
3743,63285,1.0,1
3744,67206,0.0,1
3745,42099,0.0,1
3746,4176,0.0,0
3747,51096,1.0,0
3748,53876,0.0,1
3749,7336,0.0,0
3750,53297,1.0,0
3751,64239,0.0,0
3752,50114,0.0,0
3753,5727,1.0,0
3754,7541,0.0,1
3755,17468,1.0,0
3756,43765,0.0,0
3757,9253,1.0,1
3758,45971,0.0,0
3759,21511,1.0,1
3760,30044,1.0,0
3761,58589,0.0,1
3762,16701,1.0,1
3763,16573,1.0,1
3764,63409,1.0,1
3765,7863,0.0,0
3766,42434,0.0,0
3767,56354,1.0,0
3768,43334,0.0,0
3769,13764,0.0,1
3770,31800,1.0,1
3771,61678,0.0,1
3772,65097,0.0,1
3773,67590,1.0,1
3774,68339,1.0,1
3775,69525,1.0,0
3776,30045,1.0,1
3777,23727,0.0,1
3778,24613,1.0,1
3779,54473,0.0,1
3780,42265,0.0,1
3781,30206,0.0,1
3782,18732,0.0,0
3783,39746,0.0,0
3784,3457,1.0,0
3785,67479,1.0,1
3786,66483,0.0,1
3787,36109,0.0,1
3788,30742,0.0,0
3789,66485,1.0,1
3790,22359,1.0,0
3791,64358,0.0,0
3792,44396,0.0,1
3793,69430,0.0,1
3794,56312,0.0,0
3795,9435,1.0,0
3796,36376,1.0,1
3797,25660,0.0,1
3798,28759,1.0,0
3799,48565,0.0,0
3800,14537,1.0,1
3801,18965,0.0,0
3802,1230,0.0,0
3803,23977,0.0,1
3804,39311,1.0,1
3805,147,0.0,1
3806,4976,1.0,0
3807,16833,0.0,0
3808,49454,1.0,1
3809,26530,0.0,0
3810,49726,0.0,1
3811,12357,0.0,1
3812,54754,1.0,1
3813,15239,0.0,0
3814,63201,1.0,0
3815,65679,1.0,1
3816,399,1.0,0
3817,22154,1.0,0
3818,65434,0.0,1
3819,50266,0.0,0
3820,60715,0.0,1
3821,36494,0.0,0
3822,29812,0.0,1
3823,68054,0.0,0
3824,24559,0.0,0
3825,13608,0.0,1
3826,34287,1.0,1
3827,43995,1.0,1
3828,24860,1.0,1
3829,29243,1.0,1
3830,18465,0.0,1
3831,44687,0.0,1
3832,49107,1.0,1
3833,44048,0.0,0
3834,29751,0.0,1
3835,67092,0.0,1
3836,51970,0.0,0
3837,21069,0.0,0
3838,65344,0.0,1
3839,41619,1.0,1
3840,64048,0.0,1
3841,24598,0.0,1
3842,6543,0.0,1
3843,37474,1.0,1
3844,68954,0.0,1
3845,22029,0.0,1
3846,63174,0.0,1
3847,2374,0.0,1
3848,32797,1.0,0
3849,69529,0.0,0
3850,4867,0.0,0
3851,60684,1.0,1
3852,17115,1.0,1
3853,48873,0.0,1
3854,28148,0.0,1
3855,33773,0.0,1
3856,55999,1.0,0
3857,56518,1.0,1
3858,13416,1.0,1
3859,56062,0.0,0
3860,63234,1.0,0
3861,33317,0.0,1
3862,35624,1.0,0
3863,34589,0.0,0
3864,30061,0.0,1
3865,8506,0.0,0
3866,58244,0.0,0
3867,55269,0.0,0
3868,56384,1.0,0
3869,7565,1.0,1
3870,41195,1.0,0
3871,39728,0.0,1
3872,41628,0.0,0
3873,33247,1.0,1
3874,10787,0.0,0
3875,48684,0.0,0
3876,23864,1.0,0
3877,38135,0.0,0
3878,43644,1.0,1
3879,11576,0.0,0
3880,4145,0.0,0
3881,27439,0.0,1
3882,23098,0.0,1
3883,26561,0.0,0
3884,51908,0.0,1
3885,56327,0.0,1
3886,6295,0.0,1
3887,6698,1.0,0
3888,27868,0.0,0
3889,52229,1.0,1
3890,13477,1.0,0
3891,53874,1.0,0
3892,23549,0.0,0
3893,13457,0.0,1
3894,46957,0.0,0
3895,69517,1.0,1
3896,19102,0.0,1
3897,32345,0.0,1
3898,13336,1.0,1
3899,56760,1.0,1
3900,40560,0.0,1
3901,30815,0.0,1
3902,38188,1.0,1
3903,58594,0.0,0
3904,2415,1.0,1
3905,60245,1.0,0
3906,63688,0.0,1
3907,311,0.0,0
3908,4006,0.0,0
3909,50009,0.0,0
3910,21425,0.0,1
3911,1202,0.0,1
3912,28544,0.0,1
3913,36481,0.0,1
3914,8802,1.0,0
3915,5224,0.0,0
3916,12306,1.0,1
3917,35465,0.0,0
3918,47113,0.0,0
3919,16098,0.0,1
3920,15409,1.0,0
3921,44307,0.0,0
3922,20337,1.0,1
3923,14085,1.0,0
3924,33878,0.0,1
3925,36246,0.0,1
3926,29679,0.0,0
3927,21215,0.0,0
3928,65892,0.0,1
3929,11950,0.0,1
3930,31779,0.0,0
3931,57297,0.0,0
3932,2739,0.0,1
3933,7093,0.0,0
3934,20313,1.0,1
3935,8243,0.0,1
3936,53100,1.0,0
3937,51177,0.0,1
3938,8972,1.0,1
3939,67029,1.0,1
3940,4137,0.0,0
3941,10193,0.0,0
3942,47769,1.0,1
3943,6093,1.0,1
3944,53862,0.0,1
3945,252,1.0,0
3946,8677,1.0,1
3947,25676,0.0,1
3948,27336,1.0,1
3949,59419,0.0,1
3950,6313,0.0,1
3951,11526,0.0,0
3952,34542,0.0,1
3953,43110,0.0,0
3954,37734,0.0,0
3955,1926,1.0,1
3956,24112,0.0,0
3957,56618,1.0,1
3958,57185,1.0,0
3959,58107,0.0,1
3960,53603,0.0,0
3961,22165,0.0,1
3962,2844,1.0,0
3963,36032,0.0,1
3964,22528,0.0,1
3965,40981,1.0,1
3966,22188,1.0,1
3967,45798,0.0,0
3968,45000,0.0,0
3969,30184,0.0,1
3970,58156,0.0,0
3971,53567,0.0,1
3972,24116,0.0,0
3973,33091,1.0,0
3974,48055,0.0,0
3975,18095,1.0,1
3976,28973,1.0,0
3977,47254,0.0,1
3978,132,0.0,1
3979,54878,0.0,1
3980,54571,0.0,1
3981,42043,1.0,1
3982,4336,0.0,0
3983,38323,1.0,1
3984,7731,0.0,0
3985,41841,1.0,0
3986,55791,0.0,0
3987,51636,1.0,0
3988,15236,0.0,0
3989,2958,0.0,0
3990,14963,1.0,1
3991,67353,1.0,1
3992,8944,0.0,1
3993,38254,0.0,0
3994,5091,1.0,1
3995,46085,0.0,0
3996,60907,0.0,0
3997,55491,1.0,0
3998,61597,1.0,0
3999,42225,1.0,1
4000,58815,0.0,0
4001,50891,0.0,1
4002,37174,0.0,0
4003,47128,1.0,1
4004,4731,0.0,0
4005,345,1.0,1
4006,30393,0.0,1
4007,23685,1.0,1
4008,47210,1.0,0
4009,58640,1.0,1
4010,14495,1.0,1
4011,15528,0.0,1
4012,64169,1.0,1
4013,51146,1.0,0
4014,13512,0.0,1
4015,11907,1.0,1
4016,47554,0.0,0
4017,67136,0.0,1
4018,826,0.0,1
4019,14947,1.0,0
4020,20113,0.0,1
4021,60713,0.0,1
4022,66729,0.0,1
4023,6564,1.0,0
4024,63304,0.0,0
4025,39967,0.0,1
4026,60979,1.0,0
4027,47374,0.0,0
4028,8171,0.0,0
4029,47449,1.0,1
4030,18132,0.0,0
4031,15895,0.0,0
4032,15196,0.0,1
4033,8133,1.0,0
4034,16885,0.0,0
4035,68243,1.0,1
4036,1618,0.0,1
4037,56463,1.0,1
4038,52745,1.0,1
4039,48756,0.0,1
4040,27396,1.0,1
4041,28559,1.0,1
4042,25582,1.0,1
4043,26975,1.0,1
4044,7858,1.0,1
4045,67674,0.0,1
4046,41622,1.0,1
4047,39074,1.0,0
4048,61373,0.0,1
4049,24180,0.0,1
4050,59717,1.0,1
4051,12533,0.0,1
4052,63514,1.0,0
4053,36327,1.0,0
4054,18753,1.0,0
4055,56995,1.0,0
4056,68299,0.0,0
4057,7847,1.0,1
4058,48745,0.0,1
4059,3995,1.0,0
4060,15510,1.0,0
4061,58881,0.0,0
4062,46303,1.0,1
4063,31490,0.0,0
4064,44686,0.0,0
4065,43983,0.0,0
4066,66493,1.0,0
4067,9840,0.0,1
4068,63057,1.0,1
4069,59466,1.0,0
4070,55453,0.0,1
4071,31261,1.0,0
4072,63188,1.0,1
4073,7710,1.0,1
4074,58913,0.0,1
4075,1749,1.0,0
4076,312,1.0,1
4077,59117,0.0,1
4078,46097,0.0,0
4079,33295,1.0,1
4080,54128,0.0,1
4081,44227,0.0,1
4082,20042,0.0,0
4083,16658,0.0,0
4084,25279,1.0,1
4085,17558,0.0,0
4086,41678,1.0,1
4087,60283,0.0,0
4088,46171,1.0,1
4089,58888,0.0,0
4090,68548,0.0,1
4091,43783,1.0,1
4092,59980,0.0,1
4093,4262,0.0,1
4094,24162,1.0,0
4095,43226,0.0,0
4096,35770,0.0,0
4097,49436,1.0,1
4098,46629,1.0,0
4099,47291,0.0,1
4100,53446,1.0,1
4101,39132,0.0,1
4102,48981,0.0,0
4103,22917,1.0,0
4104,12015,1.0,1
4105,47301,0.0,0
4106,24158,0.0,0
4107,35678,0.0,0
4108,29617,0.0,1
4109,26546,0.0,0
4110,19570,0.0,0
4111,55363,0.0,0
4112,67520,1.0,0
4113,62458,1.0,0
4114,46233,0.0,0
4115,35443,0.0,0
4116,37244,1.0,1
4117,53415,1.0,1
4118,69008,1.0,1
4119,47470,0.0,1
4120,63657,0.0,1
4121,722,0.0,1
4122,28866,0.0,1
4123,24332,0.0,0
4124,57725,1.0,0
4125,39859,1.0,0
4126,22727,0.0,1
4127,65569,0.0,1
4128,26894,1.0,0
4129,11027,1.0,1
4130,66270,1.0,1
4131,29689,1.0,1
4132,39498,1.0,1
4133,49340,0.0,1
4134,55171,1.0,0
4135,66898,1.0,1
4136,32141,1.0,0
4137,24463,0.0,0
4138,48120,0.0,0
4139,52494,0.0,0
4140,35458,1.0,1
4141,38744,0.0,0
4142,59524,1.0,1
4143,40785,0.0,1
4144,61348,0.0,1
4145,58715,0.0,0
4146,36335,1.0,1
4147,11763,0.0,0
4148,43583,0.0,1
4149,60097,1.0,0
4150,20269,0.0,1
4151,65753,1.0,1
4152,16297,1.0,1
4153,10611,0.0,0
4154,5494,0.0,0
4155,52694,1.0,0
4156,68129,0.0,1
4157,14832,0.0,1
4158,25992,1.0,1
4159,37957,0.0,0
4160,65595,0.0,1
4161,591,0.0,1
4162,30315,0.0,0
4163,10147,1.0,1
4164,68960,0.0,0
4165,45271,0.0,1
4166,63868,1.0,1
4167,20950,1.0,1
4168,63423,1.0,1
4169,43762,0.0,1
4170,47421,1.0,1
4171,22814,0.0,0
4172,42778,1.0,1
4173,29054,1.0,0
4174,62578,0.0,1
4175,1230,0.0,0
4176,53739,0.0,0
4177,22710,0.0,1
4178,189,1.0,0
4179,18007,1.0,0
4180,26641,0.0,1
4181,4677,1.0,1
4182,52216,1.0,1
4183,14512,1.0,1
4184,64183,0.0,1
4185,63922,1.0,1
4186,15446,0.0,0
4187,24930,0.0,1
4188,21413,0.0,0
4189,38265,1.0,0
4190,17050,0.0,0
4191,41791,1.0,1
4192,26286,1.0,0
4193,54963,0.0,1
4194,36804,1.0,1
4195,31153,1.0,0
4196,23337,0.0,0
4197,15224,1.0,1
4198,65282,0.0,1
4199,37043,1.0,0
4200,25548,0.0,0
4201,22124,1.0,1
4202,56790,0.0,1
4203,12313,1.0,1
4204,57927,0.0,1
4205,2455,0.0,1
4206,10439,0.0,0
4207,27767,1.0,1
4208,37967,0.0,0
4209,2175,0.0,1
4210,57849,0.0,1
4211,64349,0.0,0
4212,31060,1.0,1
4213,50445,0.0,0
4214,18568,0.0,1
4215,29514,0.0,1
4216,16600,0.0,1
4217,24171,0.0,1
4218,67357,1.0,1
4219,62845,0.0,0
4220,62264,1.0,1
4221,63101,0.0,0
4222,8487,0.0,1
4223,26828,0.0,0
4224,42488,1.0,1
4225,26138,0.0,1
4226,9339,0.0,1
4227,4421,0.0,0
4228,3362,0.0,1
4229,58688,0.0,1
4230,6070,1.0,1
4231,42572,0.0,0
4232,43047,0.0,1
4233,18018,1.0,0
4234,35471,1.0,0
4235,10741,1.0,1
4236,59214,1.0,1
4237,65630,1.0,1
4238,56906,0.0,1
4239,15245,0.0,0
4240,17108,0.0,1
4241,17840,0.0,0
4242,10229,0.0,1
4243,58246,0.0,1
4244,4346,1.0,1
4245,22069,1.0,1
4246,54664,1.0,1
4247,18793,0.0,1
4248,3268,0.0,1
4249,49669,0.0,0
4250,26139,1.0,0
4251,35666,0.0,0
4252,3935,1.0,1
4253,64656,1.0,1
4254,64931,0.0,1
4255,53460,1.0,1
4256,68256,0.0,1
4257,14,0.0,0
4258,47040,0.0,0
4259,16387,0.0,1
4260,38042,0.0,1
4261,25915,0.0,1
4262,62344,1.0,0
4263,11682,0.0,0
4264,6036,0.0,1
4265,60362,1.0,1
4266,67515,0.0,0
4267,49564,0.0,1
4268,34377,0.0,1
4269,26564,0.0,1
4270,13230,0.0,1
4271,10406,0.0,1
4272,899,0.0,1
4273,59006,1.0,1
4274,29337,0.0,1
4275,68975,0.0,1
4276,35659,0.0,0
4277,7136,0.0,1
4278,61861,1.0,1
4279,26711,0.0,1
4280,52953,1.0,1
4281,65041,0.0,1
4282,10746,0.0,1
4283,31021,1.0,0
4284,42387,0.0,0
4285,49389,0.0,1
4286,51478,0.0,1
4287,50146,1.0,1
4288,59191,1.0,1
4289,33701,1.0,1
4290,10265,1.0,1
4291,57659,0.0,1
4292,18239,1.0,1
4293,52088,0.0,0
4294,49957,0.0,0
4295,66175,0.0,0
4296,7475,1.0,1
4297,57736,0.0,0
4298,68537,0.0,1
4299,35007,1.0,0
4300,10252,1.0,0
4301,354,0.0,0
4302,62935,1.0,1
4303,66023,0.0,1
4304,1105,1.0,1
4305,9342,0.0,0
4306,54639,1.0,1
4307,18339,0.0,1
4308,37492,0.0,0
4309,61246,1.0,1
4310,10449,0.0,0
4311,36887,0.0,0
4312,59755,1.0,1
4313,58091,0.0,0
4314,59301,1.0,0
4315,25549,0.0,1
4316,33741,1.0,0
4317,62282,0.0,1
4318,53165,1.0,1
4319,33023,0.0,1
4320,65451,0.0,1
4321,61748,1.0,1
4322,12046,1.0,0
4323,63447,0.0,0
4324,18503,0.0,1
4325,26410,0.0,0
4326,48589,1.0,0
4327,64771,1.0,1
4328,29235,0.0,1
4329,69593,0.0,0
4330,34913,0.0,0
4331,13612,1.0,0
4332,37022,0.0,1
4333,35375,1.0,1
4334,42973,1.0,1
4335,54934,0.0,0
4336,47362,1.0,1
4337,56849,1.0,0
4338,38755,0.0,1
4339,54190,1.0,0
4340,25897,0.0,0
4341,30842,1.0,0
4342,9311,1.0,0
4343,10413,0.0,1
4344,49434,0.0,1
4345,13910,0.0,1
4346,64036,1.0,1
4347,50704,0.0,0
4348,39764,0.0,1
4349,42198,1.0,0
4350,11492,0.0,1
4351,58001,0.0,1
4352,16885,0.0,1
4353,64610,1.0,0
4354,52041,0.0,0
4355,3305,1.0,0
4356,721,1.0,1
4357,10609,0.0,0
4358,42962,0.0,1
4359,719,0.0,1
4360,34255,0.0,0
4361,65887,1.0,1
4362,68843,1.0,1
4363,45637,1.0,1
4364,45664,1.0,1
4365,38024,0.0,1
4366,58088,1.0,0
4367,50286,0.0,0
4368,25670,1.0,1
4369,20692,0.0,1
4370,43837,1.0,1
4371,52659,0.0,1
4372,26855,1.0,1
4373,12090,1.0,1
4374,63560,0.0,1
4375,62705,0.0,0
4376,30171,1.0,1
4377,18290,0.0,0
4378,16460,0.0,0
4379,45322,0.0,1
4380,24437,0.0,1
4381,67108,1.0,1
4382,7078,0.0,0
4383,42874,0.0,1
4384,66180,0.0,0
4385,36743,1.0,1
4386,67910,0.0,1
4387,17657,1.0,0
4388,22656,0.0,1
4389,11057,0.0,0
4390,30597,0.0,0
4391,11744,0.0,0
4392,37494,1.0,1
4393,50623,0.0,0
4394,66915,1.0,0
4395,31194,0.0,1
4396,22670,0.0,1
4397,3276,0.0,1
4398,44577,1.0,1
4399,62661,1.0,1
4400,59555,0.0,1
4401,4500,0.0,0
4402,56292,1.0,0
4403,60989,1.0,0
4404,29231,0.0,0
4405,64159,0.0,0
4406,16642,0.0,1
4407,50731,1.0,1
4408,59295,1.0,1
4409,65552,0.0,1
4410,4826,0.0,0
4411,28969,0.0,1
4412,35928,0.0,0
4413,45911,1.0,1
4414,67623,1.0,0
4415,31743,0.0,1
4416,65221,1.0,1
4417,6217,0.0,1
4418,1265,0.0,0
4419,54119,1.0,1
4420,2053,0.0,1
4421,40467,0.0,1
4422,32245,0.0,1
4423,15052,0.0,1
4424,37470,1.0,1
4425,51747,1.0,1
4426,15931,1.0,1
4427,15696,1.0,0
4428,49590,0.0,1
4429,51385,1.0,1
4430,6868,0.0,1
4431,46847,1.0,0
4432,41980,0.0,0
4433,35727,1.0,0
4434,24399,0.0,1
4435,64018,0.0,1
4436,12743,1.0,0
4437,40091,0.0,1
4438,57455,1.0,0
4439,67868,0.0,0
4440,12007,1.0,1
4441,12867,0.0,0
4442,26530,0.0,0
4443,21732,1.0,0
4444,38459,0.0,0
4445,43396,0.0,0
4446,16186,1.0,0
4447,54853,1.0,0
4448,54207,0.0,0
4449,19008,1.0,1
4450,1733,1.0,0
4451,57195,1.0,0
4452,5743,1.0,0
4453,30740,1.0,1
4454,16721,1.0,1
4455,64213,1.0,0
4456,3357,0.0,0
4457,5867,0.0,0
4458,3386,0.0,1
4459,56365,1.0,0
4460,46963,1.0,1
4461,30860,0.0,0
4462,34685,1.0,1
4463,33518,1.0,1
4464,8665,0.0,1
4465,57001,1.0,1
4466,16943,1.0,1
4467,55907,1.0,0
4468,7123,0.0,1
4469,29117,0.0,0
4470,5474,1.0,1
4471,61749,0.0,1
4472,63377,0.0,1
4473,3804,1.0,1
4474,68312,1.0,0
4475,11660,0.0,1
4476,34364,0.0,1
4477,15090,0.0,1
4478,43653,0.0,0
4479,21910,1.0,1
4480,60775,1.0,1
4481,39192,0.0,1
4482,19077,0.0,1
4483,9396,0.0,1
4484,53406,1.0,0
4485,23741,0.0,1
4486,2133,1.0,1
4487,28403,0.0,1
4488,18543,0.0,0
4489,67127,1.0,0
4490,9663,0.0,1
4491,29431,1.0,0
4492,27072,0.0,0
4493,25212,0.0,1
4494,66900,0.0,1
4495,36970,1.0,0
4496,6378,1.0,1
4497,22091,0.0,1
4498,15620,1.0,1
4499,30350,1.0,0
4500,43044,1.0,1
4501,20576,0.0,1
4502,51947,0.0,1
4503,1324,0.0,0
4504,53560,0.0,1
4505,62096,1.0,0
4506,37227,0.0,1
4507,10117,0.0,0
4508,14004,0.0,0
4509,4469,0.0,1
4510,37633,1.0,0
4511,47221,0.0,1
4512,15080,0.0,1
4513,12693,0.0,0
4514,67980,0.0,1
4515,67748,1.0,1
4516,64159,0.0,1
4517,42340,0.0,1
4518,27246,0.0,1
4519,24356,0.0,1
4520,52060,1.0,1
4521,69379,0.0,1
4522,40168,0.0,1
4523,1206,0.0,1
4524,47809,0.0,0
4525,46280,1.0,0
4526,59696,1.0,1
4527,44052,0.0,0
4528,50246,0.0,1
4529,7784,1.0,0
4530,21822,0.0,1
4531,5102,1.0,1
4532,53912,1.0,1
4533,56150,0.0,0
4534,59976,0.0,1
4535,55844,0.0,1
4536,62967,0.0,0
4537,2227,1.0,1
4538,47935,1.0,0
4539,68227,0.0,1
4540,50604,0.0,1
4541,51844,0.0,1
4542,21796,1.0,0
4543,66250,1.0,1
4544,827,1.0,0
4545,25159,1.0,0
4546,29056,0.0,0
4547,37495,1.0,1
4548,15797,0.0,1
4549,51027,1.0,0
4550,8104,1.0,1
4551,63433,0.0,1
4552,63944,1.0,1
4553,17101,0.0,1
4554,22426,0.0,0
4555,15136,0.0,0
4556,21548,0.0,1
4557,51886,0.0,1
4558,53703,1.0,0
4559,4901,0.0,1
4560,61411,0.0,0
4561,13780,0.0,0
4562,15046,1.0,1
4563,21003,1.0,0
4564,50318,0.0,0
4565,27701,0.0,1
4566,2799,0.0,0
4567,55399,1.0,0
4568,39214,1.0,1
4569,56731,0.0,0
4570,30690,1.0,0
4571,65766,0.0,0
4572,67587,1.0,1
4573,60357,1.0,1
4574,36419,0.0,0
4575,57135,0.0,0
4576,66353,0.0,1
4577,14889,0.0,0
4578,40936,0.0,0
4579,32996,0.0,1
4580,31228,1.0,1
4581,56107,1.0,0
4582,10469,0.0,0
4583,56096,0.0,1
4584,32333,1.0,1
4585,65895,0.0,1
4586,28640,1.0,0
4587,3907,0.0,1
4588,49683,1.0,1
4589,32374,1.0,0
4590,63369,0.0,0
4591,68346,0.0,0
4592,33882,1.0,0
4593,24829,0.0,0
4594,67404,0.0,1
4595,52615,0.0,0
4596,25470,1.0,1
4597,56632,1.0,0
4598,61143,1.0,1
4599,61745,1.0,0
4600,9375,1.0,0
4601,59172,1.0,1
4602,58506,1.0,1
4603,5663,1.0,1
4604,8135,1.0,0
4605,3754,0.0,1
4606,62284,0.0,0
4607,50122,0.0,1
4608,55502,0.0,1
4609,18703,0.0,1
4610,17694,1.0,0
4611,47172,0.0,1
4612,48036,0.0,1
4613,49481,1.0,0
4614,53623,0.0,1
4615,15942,0.0,1
4616,29242,1.0,0
4617,49927,0.0,0
4618,23215,0.0,1
4619,68971,1.0,1
4620,6366,1.0,1
4621,37210,1.0,1
4622,47564,1.0,0
4623,14118,0.0,1
4624,28645,1.0,1
4625,10966,0.0,0
4626,39463,0.0,1
4627,69636,0.0,1
4628,11539,0.0,1
4629,23485,0.0,1
4630,68420,1.0,0
4631,41326,0.0,1
4632,15734,1.0,1
4633,1997,1.0,1
4634,20470,0.0,1
4635,28288,0.0,0
4636,61026,0.0,0
4637,58179,1.0,1
4638,19757,0.0,0
4639,20519,0.0,0
4640,69000,1.0,0
4641,51324,1.0,0
4642,21593,1.0,1
4643,12898,0.0,1
4644,51253,0.0,1
4645,12353,1.0,1
4646,17644,1.0,1
4647,12461,1.0,1
4648,26889,1.0,0
4649,20350,0.0,1
4650,34613,1.0,1
4651,45265,0.0,1
4652,58638,0.0,1
4653,12828,0.0,1
4654,44000,0.0,1
4655,35070,0.0,0
4656,9463,0.0,0
4657,58698,1.0,1
4658,66118,1.0,0
4659,35336,1.0,0
4660,48557,0.0,1
4661,47256,0.0,1
4662,60508,1.0,1
4663,50412,0.0,1
4664,39540,0.0,0
4665,32182,0.0,1
4666,59353,1.0,1
4667,62168,1.0,1
4668,56159,0.0,0
4669,20126,0.0,0
4670,14967,1.0,1
4671,56071,0.0,1
4672,61052,0.0,0
4673,15414,1.0,1
4674,23814,0.0,1
4675,15421,1.0,1
4676,69392,0.0,0
4677,49755,1.0,1
4678,31360,0.0,1
4679,50445,0.0,0
4680,16690,0.0,1
4681,5083,0.0,0
4682,24444,1.0,1
4683,9109,0.0,0
4684,45481,0.0,0
4685,49282,1.0,0
4686,19779,0.0,0
4687,39364,0.0,1
4688,56430,1.0,0
4689,42523,0.0,1
4690,32802,0.0,1
4691,31702,1.0,1
4692,56700,0.0,0
4693,44958,0.0,1
4694,68751,1.0,1
4695,18428,1.0,1
4696,20626,0.0,0
4697,31250,1.0,0
4698,65526,0.0,1
4699,56508,1.0,1
4700,66147,1.0,1
4701,32030,1.0,1
4702,28570,1.0,0
4703,38362,0.0,0
4704,63896,1.0,0
4705,9626,0.0,1
4706,41936,0.0,1
4707,6221,0.0,1
4708,56211,0.0,0
4709,47556,0.0,0
4710,11495,1.0,0
4711,7652,0.0,0
4712,58259,1.0,1
4713,38139,0.0,1
4714,25042,0.0,0
4715,30473,1.0,1
4716,16679,1.0,1
4717,62370,1.0,1
4718,64700,0.0,1
4719,20476,0.0,0
4720,63647,0.0,1
4721,10081,1.0,1
4722,19453,0.0,0
4723,64350,0.0,1
4724,18985,0.0,1
4725,8824,0.0,1
4726,38082,1.0,0
4727,29301,1.0,0
4728,11186,1.0,1
4729,20677,1.0,0
4730,63819,1.0,1
4731,5509,1.0,0
4732,5657,1.0,1
4733,9484,0.0,0
4734,50166,1.0,1
4735,69327,0.0,1
4736,7981,0.0,0
4737,33583,0.0,1
4738,69430,0.0,0
4739,54492,0.0,0
4740,20957,0.0,1
4741,9365,1.0,1
4742,20955,0.0,1
4743,56663,0.0,0
4744,57215,0.0,1
4745,32347,0.0,1
4746,21334,1.0,0
4747,13582,0.0,0
4748,2632,0.0,0
4749,19844,1.0,1
4750,52144,0.0,1
4751,22991,1.0,1
4752,30953,0.0,0
4753,56834,1.0,1
4754,42972,0.0,0
4755,9520,0.0,1
4756,64291,1.0,1
4757,66589,1.0,1
4758,47166,0.0,1
4759,56500,0.0,0
4760,35548,0.0,1
4761,21752,1.0,0
4762,36350,0.0,1
4763,28073,1.0,1
4764,5515,0.0,1
4765,53531,1.0,0
4766,9598,1.0,0
4767,3382,1.0,1
4768,15951,0.0,0
4769,36225,1.0,1
4770,50437,0.0,1
4771,20086,1.0,1
4772,50148,0.0,0
4773,5514,0.0,0
4774,52560,0.0,1
4775,10522,1.0,1
4776,53915,0.0,1
4777,11106,0.0,0
4778,15108,0.0,0
4779,35309,0.0,1
4780,59521,0.0,1
4781,7916,0.0,0
4782,66800,0.0,0
4783,30375,1.0,0
4784,833,0.0,0
4785,37546,0.0,0
4786,27376,1.0,1
4787,52085,1.0,0
4788,43986,0.0,1
4789,14599,0.0,1
4790,20623,0.0,1
4791,55143,1.0,0
4792,55435,1.0,1
4793,34450,0.0,0
4794,64398,1.0,0
4795,3503,0.0,1
4796,56538,0.0,0
4797,8123,0.0,1
4798,27788,0.0,1
4799,6866,0.0,1
4800,45605,0.0,0
4801,45045,0.0,0
4802,64030,0.0,0
4803,49349,0.0,0
4804,43802,0.0,1
4805,21703,0.0,1
4806,652,1.0,1
4807,18159,1.0,1
4808,49060,1.0,0
4809,51799,1.0,1
4810,38846,0.0,1
4811,36694,1.0,0
4812,15718,0.0,1
4813,68914,0.0,1
4814,61057,0.0,1
4815,26700,0.0,1
4816,779,1.0,1
4817,21357,0.0,1
4818,61941,1.0,0
4819,67804,0.0,1
4820,46831,0.0,1
4821,11159,1.0,0
4822,52141,0.0,0
4823,55253,0.0,0
4824,45092,0.0,0
4825,42521,1.0,1
4826,43872,0.0,1
4827,44402,1.0,0
4828,69255,1.0,0
4829,13776,1.0,1
4830,20126,0.0,1
4831,52720,1.0,1
4832,49421,0.0,0
4833,67349,0.0,1
4834,48117,1.0,1
4835,14364,1.0,1
4836,52057,0.0,0
4837,62082,0.0,1
4838,14491,0.0,0
4839,31776,0.0,1
4840,43132,0.0,0
4841,55842,1.0,1
4842,2975,1.0,0
4843,930,0.0,0
4844,12912,0.0,1
4845,28677,0.0,0
4846,4630,1.0,1
4847,35707,1.0,0
4848,30316,1.0,1
4849,29052,0.0,0
4850,63024,1.0,1
4851,67780,1.0,1
4852,4085,1.0,1
4853,39953,0.0,1
4854,2607,1.0,0
4855,63834,1.0,1
4856,48227,0.0,1
4857,25955,1.0,1
4858,19653,0.0,1
4859,50186,1.0,1
4860,36480,0.0,0
4861,12282,1.0,0
4862,52472,1.0,0
4863,17743,1.0,0
4864,32055,0.0,0
4865,54457,1.0,0
4866,54936,0.0,0
4867,7990,1.0,1
4868,65068,1.0,1
4869,39052,0.0,1
4870,32757,0.0,1
4871,50187,1.0,1
4872,26408,0.0,1
4873,26686,0.0,1
4874,2535,0.0,1
4875,1641,1.0,0
4876,32995,0.0,0
4877,48826,0.0,0
4878,36498,0.0,1
4879,1202,0.0,1
4880,38315,1.0,1
4881,56699,0.0,1
4882,21645,0.0,1
4883,6319,1.0,0
4884,14034,1.0,1
4885,31495,0.0,1
4886,35255,0.0,1
4887,63357,1.0,0
4888,32140,0.0,1
4889,8489,1.0,1
4890,8433,0.0,1
4891,44247,0.0,1
4892,48032,0.0,0
4893,16240,0.0,1
4894,22332,1.0,0
4895,51404,1.0,0
4896,69039,0.0,0
4897,62355,1.0,1
4898,19244,0.0,1
4899,55952,0.0,0
4900,65422,0.0,0
4901,69457,0.0,0
4902,61514,0.0,1
4903,45562,1.0,0
4904,57655,1.0,1
4905,19132,0.0,0
4906,60532,0.0,0
4907,50135,1.0,1
4908,68286,0.0,0
4909,65584,0.0,1
4910,40717,1.0,0
4911,18011,0.0,0
4912,20296,1.0,0
4913,57291,0.0,0
4914,66935,0.0,1
4915,5205,1.0,1
4916,35851,0.0,0
4917,66925,0.0,0
4918,21194,0.0,0
4919,41617,0.0,1
4920,5943,0.0,0
4921,29620,1.0,0
4922,8902,1.0,1
4923,26491,0.0,1
4924,17437,0.0,0
4925,18183,0.0,0
4926,43701,0.0,0
4927,52971,0.0,0
4928,3869,0.0,1
4929,52484,1.0,1
4930,32504,0.0,0
4931,7944,0.0,1
4932,36312,1.0,1
4933,54728,1.0,1
4934,13296,0.0,0
4935,30384,1.0,0
4936,32218,0.0,0
4937,17881,0.0,0
4938,55811,1.0,1
4939,22389,0.0,0
4940,10768,0.0,1
4941,19535,0.0,1
4942,50563,1.0,0
4943,12715,1.0,1
4944,33453,1.0,1
4945,58043,0.0,1
4946,36193,0.0,0
4947,27523,1.0,1
4948,8250,0.0,1
4949,49331,1.0,0
4950,62191,0.0,1
4951,18648,0.0,0
4952,28060,0.0,1
4953,49389,0.0,0
4954,34433,1.0,1
4955,55389,0.0,0
4956,27272,0.0,1
4957,42958,0.0,0
4958,2644,1.0,0
4959,48818,0.0,0
4960,39283,0.0,0
4961,7308,0.0,0
4962,35082,0.0,0
4963,32896,0.0,1
4964,63165,1.0,0
4965,52296,0.0,1
4966,16406,0.0,1
4967,23017,0.0,0
4968,5153,0.0,1
4969,66107,0.0,1
4970,30159,1.0,1
4971,43225,0.0,1
4972,13098,1.0,1
4973,54242,1.0,0
4974,60033,0.0,1
4975,11331,0.0,1
4976,67406,1.0,0
4977,66684,1.0,0
4978,9769,0.0,0
4979,20912,1.0,1
4980,53345,0.0,0
4981,40038,1.0,1
4982,48108,0.0,1
4983,58833,1.0,1
4984,44895,0.0,1
4985,19785,1.0,1
4986,11213,0.0,1
4987,33058,1.0,0
4988,55632,0.0,1
4989,69210,0.0,1
4990,55098,0.0,1
4991,32257,1.0,0
4992,28202,1.0,1
4993,67865,1.0,1
4994,50043,1.0,1
4995,61728,1.0,0
4996,31435,0.0,0
4997,60200,0.0,0
4998,33102,0.0,0
4999,25606,1.0,0
5000,9500,0.0,0
5001,25950,0.0,1
5002,3803,0.0,1
5003,28493,0.0,1
5004,50898,0.0,1
5005,11976,0.0,0
5006,9886,1.0,1
5007,25310,0.0,0
5008,32594,1.0,1
5009,61604,0.0,1
5010,23816,0.0,0
5011,43049,1.0,0
5012,6654,1.0,1
5013,21557,0.0,0
5014,26057,0.0,1
5015,52956,1.0,0
5016,63072,0.0,0
5017,5955,1.0,0
5018,46879,0.0,0
5019,39556,1.0,1
5020,59457,1.0,1
5021,57170,0.0,1
5022,26318,0.0,0
5023,12624,0.0,0
5024,43785,0.0,1
5025,60059,1.0,0
5026,24696,0.0,1
5027,4830,1.0,1
5028,55430,1.0,0
5029,35520,1.0,0
5030,56851,1.0,0
5031,37930,1.0,0
5032,17174,1.0,1
5033,57120,0.0,0
5034,29678,1.0,0
5035,52169,0.0,1
5036,35801,0.0,0
5037,35900,0.0,0
5038,25659,1.0,0
5039,59206,1.0,0
5040,1843,0.0,1
5041,30061,0.0,1
5042,35918,0.0,0
5043,49248,0.0,1
5044,36794,0.0,0
5045,66845,1.0,0
5046,49301,0.0,1
5047,1509,0.0,0
5048,52329,1.0,1
5049,7469,0.0,1
5050,68023,1.0,1
5051,29146,0.0,0
5052,63929,1.0,1
5053,54778,1.0,0
5054,57056,0.0,1
5055,4653,1.0,1
5056,68853,1.0,1
5057,48539,1.0,0
5058,49633,0.0,1
5059,5605,1.0,1
5060,12453,1.0,0
5061,43429,0.0,1
5062,9391,1.0,1
5063,2830,0.0,1
5064,7936,0.0,1
5065,12154,0.0,1
5066,68715,1.0,0
5067,54762,1.0,1
5068,56805,1.0,0
5069,16253,0.0,1
5070,60451,1.0,1
5071,25209,1.0,1
5072,36772,1.0,1
5073,10542,1.0,0
5074,32864,1.0,0
5075,31439,0.0,0
5076,7984,0.0,1
5077,52829,0.0,1
5078,42709,1.0,1
5079,65873,0.0,1
5080,20248,0.0,0
5081,34616,1.0,1
5082,34761,1.0,0
5083,42781,0.0,0
5084,28151,1.0,1
5085,44223,1.0,0
5086,37252,0.0,1
5087,11763,0.0,0
5088,52287,1.0,0
5089,55529,0.0,1
5090,23100,0.0,1
5091,27612,0.0,0
5092,7956,1.0,1
5093,52403,1.0,0
5094,67816,1.0,0
5095,20529,1.0,1
5096,2845,0.0,1
5097,67886,0.0,1
5098,42207,1.0,1
5099,41478,0.0,0
5100,67023,0.0,1
5101,54222,1.0,1
5102,36432,0.0,1
5103,52318,0.0,1
5104,19375,1.0,0
5105,6387,0.0,1
5106,38145,0.0,0
5107,43000,1.0,0
5108,42875,0.0,0
5109,44717,0.0,1
5110,65781,1.0,1
5111,52923,1.0,0
5112,39123,0.0,0
5113,5539,0.0,1
5114,55812,1.0,1
5115,48518,0.0,1
5116,3203,0.0,1
5117,17141,0.0,1
5118,57457,0.0,1
5119,63719,1.0,1
5120,14037,0.0,1
5121,40662,0.0,1
5122,52716,0.0,1
5123,13611,0.0,1
5124,56781,1.0,0
5125,10558,1.0,1
5126,69590,1.0,1
5127,67464,0.0,0
5128,15273,0.0,1
5129,58399,0.0,0
5130,16188,0.0,1
5131,23073,1.0,1
5132,50815,0.0,1
5133,48077,0.0,1
5134,35940,0.0,0
5135,30244,0.0,0
5136,61097,1.0,0
5137,41002,1.0,1
5138,4141,0.0,1
5139,15505,1.0,0
5140,13226,0.0,0
5141,16472,1.0,1
5142,45710,0.0,1
5143,42094,0.0,1
5144,32958,0.0,1
5145,4542,0.0,1
5146,33646,0.0,1
5147,58068,1.0,1
5148,10429,1.0,1
5149,62157,0.0,0
5150,33166,0.0,1
5151,209,0.0,1
5152,46707,0.0,1
5153,39822,1.0,1
5154,7532,1.0,0
5155,52648,0.0,1
5156,44755,1.0,0
5157,49544,0.0,0
5158,39797,1.0,1
5159,7108,0.0,0
5160,10462,1.0,0
5161,48092,1.0,0
5162,3078,0.0,1
5163,53270,0.0,0
5164,60573,0.0,1
5165,33494,1.0,0
5166,55009,0.0,1
5167,20023,1.0,1
5168,47994,1.0,1
5169,17157,0.0,1
5170,38074,1.0,0
5171,29313,1.0,0
5172,62232,1.0,0
5173,64877,0.0,0
5174,47091,0.0,1
5175,18002,0.0,1
5176,22286,0.0,1
5177,3401,1.0,1
5178,3376,0.0,0
5179,40888,0.0,1
5180,45835,0.0,1
5181,49134,0.0,1
5182,26661,0.0,1
5183,4185,0.0,1
5184,54896,0.0,1
5185,5482,0.0,1
5186,45557,1.0,1
5187,30199,0.0,0
5188,1485,0.0,1
5189,40892,0.0,0
5190,57080,0.0,1
5191,7513,1.0,0
5192,10769,1.0,1
5193,41346,0.0,1
5194,52316,0.0,1
5195,29183,0.0,1
5196,21711,0.0,1
5197,53981,1.0,1
5198,262,0.0,0
5199,69025,0.0,0
5200,66925,0.0,1
5201,43891,1.0,0
5202,61957,1.0,0
5203,40237,1.0,1
5204,68483,1.0,1
5205,63747,1.0,1
5206,51425,1.0,1
5207,30064,0.0,1
5208,5295,0.0,0
5209,47979,0.0,1
5210,17017,0.0,0
5211,21377,1.0,0
5212,9675,0.0,0
5213,47247,0.0,1
5214,65334,0.0,0
5215,42953,0.0,1
5216,3151,1.0,1
5217,43859,1.0,1
5218,68867,0.0,1
5219,19959,1.0,1
5220,67630,1.0,1
5221,3691,0.0,0
5222,35603,0.0,1
5223,38587,0.0,1
5224,9913,0.0,0
5225,5409,0.0,1
5226,8410,0.0,1
5227,24344,0.0,1
5228,50830,1.0,0
5229,49565,1.0,0
5230,35186,1.0,0
5231,15068,0.0,1
5232,69231,1.0,1
5233,9192,0.0,0
5234,59018,0.0,0
5235,3185,0.0,1
5236,45230,0.0,1
5237,51376,1.0,1
5238,18868,1.0,1
5239,6100,1.0,0
5240,27247,0.0,0
5241,28398,0.0,0
5242,30646,0.0,1
5243,27777,0.0,1
5244,9815,0.0,1
5245,56185,0.0,0
5246,58280,0.0,1
5247,43265,0.0,0
5248,10432,1.0,1
5249,21074,1.0,0
5250,66121,0.0,0
5251,52721,0.0,1
5252,8026,0.0,0
5253,23197,0.0,1
5254,62089,1.0,0
5255,39195,0.0,1
5256,34428,0.0,0
5257,29151,0.0,1
5258,43606,1.0,0
5259,60655,1.0,0
5260,60006,0.0,1
5261,46140,1.0,1
5262,24733,1.0,0
5263,35951,0.0,1
5264,62545,1.0,1
5265,65405,0.0,1
5266,59476,0.0,0
5267,24158,0.0,1
5268,60656,0.0,1
5269,44888,0.0,0
5270,44325,1.0,1
5271,30864,1.0,0
5272,33695,0.0,1
5273,46062,1.0,0
5274,20782,1.0,0
5275,1245,1.0,0
5276,42955,1.0,0
5277,9323,0.0,1
5278,47163,0.0,1
5279,10868,1.0,1
5280,32515,1.0,1
5281,29367,0.0,1
5282,30495,1.0,1
5283,47065,0.0,0
5284,33370,1.0,0
5285,64367,1.0,1
5286,58771,1.0,1
5287,51691,0.0,1
5288,48002,1.0,0
5289,22329,1.0,0
5290,63192,1.0,1
5291,41171,0.0,0
5292,2906,1.0,0
5293,68015,1.0,0
5294,63009,0.0,0
5295,11463,0.0,1
5296,60907,0.0,0
5297,50988,1.0,1
5298,33961,0.0,1
5299,56313,0.0,1
5300,52033,1.0,0
5301,64371,0.0,0
5302,47400,1.0,1
5303,62739,1.0,1
5304,38233,0.0,1
5305,58921,0.0,1
5306,44069,0.0,1
5307,35746,1.0,0
5308,13099,1.0,1
5309,20258,0.0,1
5310,67130,1.0,1
5311,25193,0.0,1
5312,14112,1.0,0
5313,4306,1.0,0
5314,22937,0.0,0
5315,37805,0.0,1
5316,29414,0.0,1
5317,43347,0.0,0
5318,32893,0.0,0
5319,35604,1.0,0
5320,21930,0.0,0
5321,28812,0.0,0
5322,19846,1.0,1
5323,42399,0.0,1
5324,43809,0.0,0
5325,11574,0.0,1
5326,57872,0.0,1
5327,17233,1.0,0
5328,53881,1.0,1
5329,28212,1.0,0
5330,42932,1.0,0
5331,56441,0.0,1
5332,184,0.0,0
5333,64573,1.0,1
5334,51377,0.0,1
5335,39996,0.0,0
5336,11301,1.0,1
5337,22472,0.0,1
5338,24090,0.0,0
5339,9912,0.0,1
5340,42807,0.0,1
5341,5585,0.0,1
5342,15936,0.0,1
5343,27033,0.0,1
5344,67855,1.0,1
5345,40920,1.0,1
5346,9167,0.0,0
5347,62182,0.0,1
5348,23869,1.0,1
5349,8959,0.0,1
5350,52031,1.0,1
5351,61358,0.0,0
5352,67914,0.0,1
5353,13136,1.0,0
5354,46015,0.0,1
5355,38995,1.0,1
5356,62083,0.0,0
5357,15256,0.0,1
5358,68375,1.0,1
5359,43279,0.0,1
5360,10492,1.0,0
5361,64494,1.0,1
5362,52804,1.0,1
5363,9474,0.0,0
5364,55074,0.0,1
5365,5298,1.0,1
5366,21396,1.0,1
5367,41552,0.0,1
5368,63866,0.0,0
5369,61686,1.0,0
5370,14997,0.0,0
5371,44859,0.0,0
5372,31276,0.0,1
5373,50893,1.0,0
5374,43610,0.0,1
5375,48807,0.0,1
5376,51126,0.0,0
5377,24994,1.0,1
5378,58440,0.0,1
5379,53548,0.0,0
5380,14257,0.0,0
5381,35861,0.0,0
5382,63780,1.0,0
5383,9331,0.0,1
5384,60289,0.0,0
5385,30567,1.0,0
5386,21306,0.0,1
5387,33587,1.0,0
5388,45141,1.0,0
5389,43217,0.0,0
5390,3964,0.0,0
5391,12588,1.0,0
5392,63394,0.0,0
5393,67182,0.0,1
5394,4109,0.0,0
5395,68179,1.0,0
5396,19540,0.0,1
5397,24291,1.0,1
5398,23740,0.0,1
5399,52752,1.0,1
